date;year;day_of_year;week_of_year;quarter;month;day_of_month;weekday;calls_lag;reservations_2months_advance;total_reservations;summer_break;christmas_break;special_day;break;calls
2013-01-01;2013;1;1;1;1;1;2;0.0;0.0;0.0;0.0;1.0;1.0;2.0;2429
2013-01-02;2013;2;1;1;1;2;3;2429.0;0.0;0.0;0.0;1.0;0.0;1.0;3881
2013-01-03;2013;3;1;1;1;3;4;3881.0;0.0;0.0;0.0;0.0;0.0;0.0;3560
2013-01-04;2013;4;1;1;1;4;5;3560.0;0.0;0.0;0.0;0.0;0.0;0.0;3155
2013-01-05;2013;5;1;1;1;5;6;3155.0;0.0;0.0;0.0;0.0;0.0;0.0;1538
2013-01-06;2013;6;1;1;1;6;7;1538.0;0.0;0.0;0.0;0.0;0.0;0.0;1264
2013-01-07;2013;7;2;1;1;7;1;1264.0;0.0;0.0;0.0;0.0;0.0;0.0;2947
2013-01-08;2013;8;2;1;1;8;2;2947.0;0.0;0.0;0.0;0.0;0.0;0.0;2914
2013-01-09;2013;9;2;1;1;9;3;2914.0;0.0;0.0;0.0;0.0;0.0;0.0;3120
2013-01-10;2013;10;2;1;1;10;4;3120.0;0.0;0.0;0.0;0.0;0.0;0.0;2456
2013-01-11;2013;11;2;1;1;11;5;2456.0;0.0;0.0;0.0;0.0;0.0;0.0;2606
2013-01-12;2013;12;2;1;1;12;6;2606.0;0.0;0.0;0.0;0.0;0.0;0.0;2021
2013-01-13;2013;13;2;1;1;13;7;2021.0;0.0;0.0;0.0;0.0;0.0;0.0;1060
2013-01-14;2013;14;3;1;1;14;1;1060.0;0.0;0.0;0.0;0.0;0.0;0.0;3023
2013-01-15;2013;15;3;1;1;15;2;3023.0;0.0;0.0;0.0;0.0;0.0;0.0;3379
2013-01-16;2013;16;3;1;1;16;3;3379.0;0.0;0.0;0.0;0.0;0.0;0.0;3417
2013-01-17;2013;17;3;1;1;17;4;3417.0;0.0;0.0;0.0;0.0;0.0;0.0;3402
2013-01-18;2013;18;3;1;1;18;5;3402.0;0.0;0.0;0.0;0.0;0.0;0.0;3444
2013-01-19;2013;19;3;1;1;19;6;3444.0;0.0;0.0;0.0;0.0;0.0;0.0;2195
2013-01-20;2013;20;3;1;1;20;7;2195.0;0.0;0.0;0.0;0.0;0.0;0.0;1808
2013-01-21;2013;21;4;1;1;21;1;1808.0;0.0;0.0;0.0;0.0;0.0;0.0;3383
2013-01-22;2013;22;4;1;1;22;2;3383.0;0.0;0.0;0.0;0.0;0.0;0.0;3165
2013-01-23;2013;23;4;1;1;23;3;3165.0;0.0;0.0;0.0;0.0;0.0;0.0;3617
2013-01-24;2013;24;4;1;1;24;4;3617.0;0.0;0.0;0.0;0.0;0.0;0.0;3440
2013-01-25;2013;25;4;1;1;25;5;3440.0;0.0;0.0;0.0;0.0;0.0;0.0;3150
2013-01-26;2013;26;4;1;1;26;6;3150.0;0.0;0.0;0.0;0.0;0.0;0.0;1662
2013-01-27;2013;27;4;1;1;27;7;1662.0;0.0;0.0;0.0;0.0;0.0;0.0;1322
2013-01-28;2013;28;5;1;1;28;1;1322.0;0.0;0.0;0.0;0.0;0.0;0.0;3679
2013-01-29;2013;29;5;1;1;29;2;3679.0;0.0;0.0;0.0;0.0;0.0;0.0;3584
2013-01-30;2013;30;5;1;1;30;3;3584.0;0.0;0.0;0.0;0.0;0.0;0.0;3617
2013-01-31;2013;31;5;1;1;31;4;3617.0;0.0;0.0;0.0;0.0;0.0;0.0;3028
2013-02-01;2013;32;5;1;2;1;5;3028.0;0.0;0.0;0.0;0.0;0.0;0.0;3290
2013-02-02;2013;33;5;1;2;2;6;3290.0;0.0;0.0;0.0;0.0;0.0;0.0;2401
2013-02-03;2013;34;5;1;2;3;7;2401.0;0.0;0.0;0.0;0.0;0.0;0.0;1233
2013-02-04;2013;35;6;1;2;4;1;1233.0;0.0;0.0;0.0;0.0;0.0;0.0;4191
2013-02-05;2013;36;6;1;2;5;2;4191.0;0.0;0.0;0.0;0.0;0.0;0.0;3493
2013-02-06;2013;37;6;1;2;6;3;3493.0;0.0;0.0;0.0;0.0;0.0;0.0;3411
2013-02-07;2013;38;6;1;2;7;4;3411.0;0.0;0.0;0.0;0.0;0.0;0.0;3639
2013-02-08;2013;39;6;1;2;8;5;3639.0;0.0;0.0;0.0;0.0;0.0;0.0;3836
2013-02-09;2013;40;6;1;2;9;6;3836.0;0.0;0.0;0.0;0.0;0.0;0.0;2934
2013-02-10;2013;41;6;1;2;10;7;2934.0;0.0;0.0;0.0;0.0;0.0;0.0;2052
2013-02-11;2013;42;7;1;2;11;1;2052.0;0.0;0.0;0.0;0.0;0.0;0.0;4236
2013-02-12;2013;43;7;1;2;12;2;4236.0;0.0;0.0;0.0;0.0;0.0;0.0;3731
2013-02-13;2013;44;7;1;2;13;3;3731.0;0.0;0.0;0.0;0.0;0.0;0.0;3071
2013-02-14;2013;45;7;1;2;14;4;3071.0;0.0;0.0;0.0;0.0;0.0;0.0;3218
2013-02-15;2013;46;7;1;2;15;5;3218.0;0.0;0.0;0.0;0.0;0.0;0.0;3200
2013-02-16;2013;47;7;1;2;16;6;3200.0;0.0;0.0;0.0;0.0;0.0;0.0;2365
2013-02-17;2013;48;7;1;2;17;7;2365.0;0.0;0.0;0.0;0.0;0.0;0.0;1706
2013-02-18;2013;49;8;1;2;18;1;1706.0;0.0;0.0;0.0;0.0;0.0;0.0;3637
2013-02-19;2013;50;8;1;2;19;2;3637.0;0.0;0.0;0.0;0.0;0.0;0.0;3698
2013-02-20;2013;51;8;1;2;20;3;3698.0;0.0;0.0;0.0;0.0;0.0;0.0;3662
2013-02-21;2013;52;8;1;2;21;4;3662.0;0.0;0.0;0.0;0.0;0.0;0.0;2985
2013-02-22;2013;53;8;1;2;22;5;2985.0;0.0;0.0;0.0;0.0;0.0;0.0;3489
2013-02-23;2013;54;8;1;2;23;6;3489.0;0.0;0.0;0.0;0.0;0.0;0.0;2172
2013-02-24;2013;55;8;1;2;24;7;2172.0;0.0;0.0;0.0;0.0;0.0;0.0;1405
2013-02-25;2013;56;9;1;2;25;1;1405.0;0.0;0.0;0.0;0.0;0.0;0.0;3936
2013-02-26;2013;57;9;1;2;26;2;3936.0;0.0;0.0;0.0;0.0;0.0;0.0;3584
2013-02-27;2013;58;9;1;2;27;3;3584.0;0.0;0.0;0.0;0.0;0.0;0.0;3033
2013-02-28;2013;59;9;1;2;28;4;3033.0;0.0;0.0;0.0;0.0;0.0;0.0;3678
2013-03-01;2013;60;9;1;3;1;5;3678.0;0.0;0.0;0.0;0.0;0.0;0.0;4012
2013-03-02;2013;61;9;1;3;2;6;4012.0;0.0;0.0;0.0;0.0;0.0;0.0;2312
2013-03-03;2013;62;9;1;3;3;7;2312.0;0.0;0.0;0.0;0.0;0.0;0.0;2025
2013-03-04;2013;63;10;1;3;4;1;2025.0;0.0;0.0;0.0;0.0;0.0;0.0;3622
2013-03-05;2013;64;10;1;3;5;2;3622.0;0.0;0.0;0.0;0.0;0.0;0.0;4201
2013-03-06;2013;65;10;1;3;6;3;4201.0;0.0;0.0;0.0;0.0;0.0;0.0;3577
2013-03-07;2013;66;10;1;3;7;4;3577.0;0.0;0.0;0.0;0.0;0.0;0.0;4389
2013-03-08;2013;67;10;1;3;8;5;4389.0;0.0;0.0;0.0;0.0;0.0;0.0;3961
2013-03-09;2013;68;10;1;3;9;6;3961.0;0.0;0.0;0.0;0.0;0.0;0.0;2230
2013-03-10;2013;69;10;1;3;10;7;2230.0;0.0;0.0;0.0;0.0;0.0;0.0;2079
2013-03-11;2013;70;11;1;3;11;1;2079.0;0.0;0.0;0.0;0.0;0.0;0.0;4990
2013-03-12;2013;71;11;1;3;12;2;4990.0;0.0;0.0;0.0;0.0;0.0;0.0;5021
2013-03-13;2013;72;11;1;3;13;3;5021.0;0.0;0.0;0.0;0.0;0.0;0.0;5081
2013-03-14;2013;73;11;1;3;14;4;5081.0;0.0;0.0;0.0;0.0;0.0;0.0;4685
2013-03-15;2013;74;11;1;3;15;5;4685.0;0.0;0.0;0.0;0.0;0.0;0.0;3963
2013-03-16;2013;75;11;1;3;16;6;3963.0;0.0;0.0;0.0;0.0;0.0;0.0;2198
2013-03-17;2013;76;11;1;3;17;7;2198.0;0.0;0.0;0.0;0.0;0.0;0.0;1883
2013-03-18;2013;77;12;1;3;18;1;1883.0;0.0;0.0;0.0;0.0;0.0;0.0;4973
2013-03-19;2013;78;12;1;3;19;2;4973.0;0.0;0.0;0.0;0.0;0.0;0.0;5112
2013-03-20;2013;79;12;1;3;20;3;5112.0;0.0;0.0;0.0;0.0;0.0;0.0;4245
2013-03-21;2013;80;12;1;3;21;4;4245.0;0.0;0.0;0.0;0.0;0.0;0.0;3817
2013-03-22;2013;81;12;1;3;22;5;3817.0;0.0;0.0;0.0;0.0;0.0;0.0;3876
2013-03-23;2013;82;12;1;3;23;6;3876.0;0.0;0.0;0.0;0.0;0.0;0.0;3246
2013-03-24;2013;83;12;1;3;24;7;3246.0;0.0;0.0;0.0;0.0;0.0;0.0;2974
2013-03-25;2013;84;13;1;3;25;1;2974.0;0.0;0.0;0.0;0.0;0.0;0.0;6154
2013-03-26;2013;85;13;1;3;26;2;6154.0;0.0;0.0;0.0;0.0;0.0;0.0;5596
2013-03-27;2013;86;13;1;3;27;3;5596.0;0.0;0.0;0.0;0.0;0.0;0.0;5551
2013-03-28;2013;87;13;1;3;28;4;5551.0;0.0;0.0;0.0;0.0;0.0;0.0;4770
2013-03-29;2013;88;13;1;3;29;5;4770.0;0.0;0.0;0.0;0.0;1.0;1.0;5144
2013-03-30;2013;89;13;1;3;30;6;5144.0;0.0;0.0;0.0;0.0;0.0;0.0;3833
2013-03-31;2013;90;13;1;3;31;7;3833.0;0.0;0.0;0.0;0.0;0.0;0.0;2176
2013-04-01;2013;91;14;2;4;1;1;2176.0;0.0;0.0;0.0;0.0;0.0;0.0;2454
2013-04-02;2013;92;14;2;4;2;2;2454.0;0.0;0.0;0.0;0.0;0.0;0.0;4888
2013-04-03;2013;93;14;2;4;3;3;4888.0;0.0;0.0;0.0;0.0;1.0;1.0;4758
2013-04-04;2013;94;14;2;4;4;4;4758.0;0.0;0.0;0.0;0.0;0.0;0.0;5271
2013-04-05;2013;95;14;2;4;5;5;5271.0;0.0;0.0;0.0;0.0;0.0;0.0;4473
2013-04-06;2013;96;14;2;4;6;6;4473.0;0.0;0.0;0.0;0.0;1.0;1.0;2979
2013-04-07;2013;97;14;2;4;7;7;2979.0;0.0;0.0;0.0;0.0;0.0;0.0;2506
2013-04-08;2013;98;15;2;4;8;1;2506.0;0.0;0.0;0.0;0.0;0.0;0.0;5338
2013-04-09;2013;99;15;2;4;9;2;5338.0;0.0;0.0;0.0;0.0;0.0;0.0;5121
2013-04-10;2013;100;15;2;4;10;3;5121.0;0.0;0.0;0.0;0.0;0.0;0.0;5538
2013-04-11;2013;101;15;2;4;11;4;5538.0;0.0;0.0;0.0;0.0;0.0;0.0;5043
2013-04-12;2013;102;15;2;4;12;5;5043.0;0.0;0.0;0.0;0.0;0.0;0.0;5421
2013-04-13;2013;103;15;2;4;13;6;5421.0;0.0;0.0;0.0;0.0;0.0;0.0;3137
2013-04-14;2013;104;15;2;4;14;7;3137.0;0.0;0.0;0.0;0.0;0.0;0.0;2572
2013-04-15;2013;105;16;2;4;15;1;2572.0;0.0;0.0;0.0;0.0;0.0;0.0;5156
2013-04-16;2013;106;16;2;4;16;2;5156.0;0.0;0.0;0.0;0.0;0.0;0.0;5285
2013-04-17;2013;107;16;2;4;17;3;5285.0;0.0;0.0;0.0;0.0;0.0;0.0;5436
2013-04-18;2013;108;16;2;4;18;4;5436.0;0.0;0.0;0.0;0.0;0.0;0.0;5387
2013-04-19;2013;109;16;2;4;19;5;5387.0;0.0;0.0;0.0;0.0;0.0;0.0;5047
2013-04-20;2013;110;16;2;4;20;6;5047.0;0.0;0.0;0.0;0.0;0.0;0.0;4171
2013-04-21;2013;111;16;2;4;21;7;4171.0;0.0;0.0;0.0;0.0;0.0;0.0;3590
2013-04-22;2013;112;17;2;4;22;1;3590.0;0.0;0.0;0.0;0.0;0.0;0.0;6837
2013-04-23;2013;113;17;2;4;23;2;6837.0;0.0;0.0;0.0;0.0;1.0;1.0;6683
2013-04-24;2013;114;17;2;4;24;3;6683.0;0.0;0.0;0.0;0.0;0.0;0.0;7230
2013-04-25;2013;115;17;2;4;25;4;7230.0;0.0;0.0;0.0;0.0;0.0;0.0;4318
2013-04-26;2013;116;17;2;4;26;5;4318.0;0.0;0.0;0.0;0.0;0.0;0.0;5626
2013-04-27;2013;117;17;2;4;27;6;5626.0;0.0;0.0;0.0;0.0;0.0;0.0;4371
2013-04-28;2013;118;17;2;4;28;7;4371.0;0.0;0.0;0.0;0.0;0.0;0.0;3175
2013-04-29;2013;119;18;2;4;29;1;3175.0;0.0;0.0;0.0;0.0;0.0;0.0;6514
2013-04-30;2013;120;18;2;4;30;2;6514.0;0.0;0.0;0.0;0.0;0.0;0.0;5920
2013-05-01;2013;121;18;2;5;1;3;5920.0;0.0;0.0;0.0;0.0;0.0;0.0;3204
2013-05-02;2013;122;18;2;5;2;4;3204.0;0.0;0.0;0.0;0.0;0.0;0.0;5188
2013-05-03;2013;123;18;2;5;3;5;5188.0;0.0;0.0;0.0;0.0;0.0;0.0;4767
2013-05-04;2013;124;18;2;5;4;6;4767.0;0.0;0.0;0.0;0.0;1.0;1.0;3231
2013-05-05;2013;125;18;2;5;5;7;3231.0;0.0;0.0;0.0;0.0;0.0;0.0;2946
2013-05-06;2013;126;19;2;5;6;1;2946.0;0.0;0.0;0.0;0.0;0.0;0.0;5774
2013-05-07;2013;127;19;2;5;7;2;5774.0;0.0;0.0;0.0;0.0;0.0;0.0;5753
2013-05-08;2013;128;19;2;5;8;3;5753.0;0.0;0.0;0.0;0.0;1.0;1.0;5229
2013-05-09;2013;129;19;2;5;9;4;5229.0;0.0;0.0;0.0;0.0;0.0;0.0;5540
2013-05-10;2013;130;19;2;5;10;5;5540.0;0.0;0.0;0.0;0.0;0.0;0.0;5796
2013-05-11;2013;131;19;2;5;11;6;5796.0;0.0;0.0;0.0;0.0;0.0;0.0;3707
2013-05-12;2013;132;19;2;5;12;7;3707.0;0.0;0.0;0.0;0.0;0.0;0.0;2684
2013-05-13;2013;133;20;2;5;13;1;2684.0;0.0;0.0;0.0;0.0;0.0;0.0;6476
2013-05-14;2013;134;20;2;5;14;2;6476.0;0.0;0.0;0.0;0.0;0.0;0.0;5922
2013-05-15;2013;135;20;2;5;15;3;5922.0;0.0;0.0;0.0;0.0;0.0;0.0;5665
2013-05-16;2013;136;20;2;5;16;4;5665.0;0.0;0.0;0.0;0.0;0.0;0.0;6503
2013-05-17;2013;137;20;2;5;17;5;6503.0;0.0;0.0;0.0;0.0;0.0;0.0;5782
2013-05-18;2013;138;20;2;5;18;6;5782.0;0.0;0.0;0.0;0.0;0.0;0.0;3757
2013-05-19;2013;139;20;2;5;19;7;3757.0;0.0;0.0;0.0;0.0;0.0;0.0;2670
2013-05-20;2013;140;21;2;5;20;1;2670.0;0.0;0.0;0.0;0.0;0.0;0.0;6161
2013-05-21;2013;141;21;2;5;21;2;6161.0;0.0;0.0;0.0;0.0;0.0;0.0;6159
2013-05-22;2013;142;21;2;5;22;3;6159.0;0.0;0.0;0.0;0.0;0.0;0.0;6137
2013-05-23;2013;143;21;2;5;23;4;6137.0;0.0;0.0;0.0;0.0;0.0;0.0;5761
2013-05-24;2013;144;21;2;5;24;5;5761.0;0.0;0.0;0.0;0.0;0.0;0.0;5894
2013-05-25;2013;145;21;2;5;25;6;5894.0;0.0;0.0;0.0;0.0;1.0;1.0;3729
2013-05-26;2013;146;21;2;5;26;7;3729.0;0.0;0.0;0.0;0.0;0.0;0.0;3379
2013-05-27;2013;147;22;2;5;27;1;3379.0;0.0;0.0;0.0;0.0;0.0;0.0;6159
2013-05-28;2013;148;22;2;5;28;2;6159.0;0.0;0.0;0.0;0.0;0.0;0.0;6637
2013-05-29;2013;149;22;2;5;29;3;6637.0;0.0;0.0;0.0;0.0;0.0;0.0;5968
2013-05-30;2013;150;22;2;5;30;4;5968.0;0.0;0.0;0.0;0.0;0.0;0.0;6016
2013-05-31;2013;151;22;2;5;31;5;6016.0;0.0;0.0;0.0;0.0;0.0;0.0;5334
2013-06-01;2013;152;22;2;6;1;6;5334.0;0.0;0.0;0.0;0.0;0.0;0.0;4461
2013-06-02;2013;153;22;2;6;2;7;4461.0;0.0;0.0;0.0;0.0;0.0;0.0;3535
2013-06-03;2013;154;23;2;6;3;1;3535.0;0.0;0.0;0.0;0.0;0.0;0.0;6521
2013-06-04;2013;155;23;2;6;4;2;6521.0;0.0;0.0;0.0;0.0;0.0;0.0;5334
2013-06-05;2013;156;23;2;6;5;3;5334.0;0.0;0.0;0.0;0.0;0.0;0.0;5753
2013-06-06;2013;157;23;2;6;6;4;5753.0;0.0;0.0;0.0;0.0;0.0;0.0;5879
2013-06-07;2013;158;23;2;6;7;5;5879.0;0.0;0.0;0.0;0.0;0.0;0.0;6142
2013-06-08;2013;159;23;2;6;8;6;6142.0;0.0;0.0;0.0;0.0;0.0;0.0;3962
2013-06-09;2013;160;23;2;6;9;7;3962.0;0.0;0.0;0.0;0.0;0.0;0.0;3523
2013-06-10;2013;161;24;2;6;10;1;3523.0;0.0;0.0;0.0;0.0;0.0;0.0;7072
2013-06-11;2013;162;24;2;6;11;2;7072.0;0.0;0.0;0.0;0.0;0.0;0.0;6905
2013-06-12;2013;163;24;2;6;12;3;6905.0;0.0;0.0;0.0;0.0;0.0;0.0;6833
2013-06-13;2013;164;24;2;6;13;4;6833.0;0.0;0.0;0.0;0.0;0.0;0.0;6941
2013-06-14;2013;165;24;2;6;14;5;6941.0;0.0;0.0;0.0;0.0;0.0;0.0;6166
2013-06-15;2013;166;24;2;6;15;6;6166.0;0.0;0.0;0.0;0.0;0.0;0.0;5110
2013-06-16;2013;167;24;2;6;16;7;5110.0;0.0;0.0;0.0;0.0;0.0;0.0;4080
2013-06-17;2013;168;25;2;6;17;1;4080.0;0.0;0.0;0.0;0.0;0.0;0.0;7335
2013-06-18;2013;169;25;2;6;18;2;7335.0;0.0;0.0;0.0;0.0;0.0;0.0;7107
2013-06-19;2013;170;25;2;6;19;3;7107.0;0.0;0.0;0.0;0.0;0.0;0.0;6884
2013-06-20;2013;171;25;2;6;20;4;6884.0;0.0;0.0;0.0;0.0;0.0;0.0;6921
2013-06-21;2013;172;25;2;6;21;5;6921.0;0.0;0.0;0.0;0.0;0.0;0.0;7093
2013-06-22;2013;173;25;2;6;22;6;7093.0;0.0;0.0;0.0;0.0;0.0;0.0;6214
2013-06-23;2013;174;25;2;6;23;7;6214.0;0.0;0.0;0.0;0.0;0.0;0.0;4462
2013-06-24;2013;175;26;2;6;24;1;4462.0;0.0;0.0;0.0;0.0;0.0;0.0;7818
2013-06-25;2013;176;26;2;6;25;2;7818.0;0.0;0.0;0.0;0.0;0.0;0.0;7260
2013-06-26;2013;177;26;2;6;26;3;7260.0;0.0;0.0;0.0;0.0;0.0;0.0;7534
2013-06-27;2013;178;26;2;6;27;4;7534.0;0.0;0.0;0.0;0.0;0.0;0.0;6774
2013-06-28;2013;179;26;2;6;28;5;6774.0;0.0;0.0;0.0;0.0;0.0;0.0;6982
2013-06-29;2013;180;26;2;6;29;6;6982.0;0.0;0.0;1.0;0.0;0.0;1.0;5922
2013-06-30;2013;181;26;2;6;30;7;5922.0;0.0;0.0;1.0;0.0;0.0;1.0;4842
2013-07-01;2013;182;27;3;7;1;1;4842.0;0.0;0.0;1.0;0.0;0.0;1.0;8185
2013-07-02;2013;183;27;3;7;2;2;8185.0;0.0;0.0;1.0;0.0;0.0;1.0;8760
2013-07-03;2013;184;27;3;7;3;3;8760.0;0.0;0.0;1.0;0.0;0.0;1.0;8747
2013-07-04;2013;185;27;3;7;4;4;8747.0;0.0;0.0;1.0;0.0;0.0;1.0;8300
2013-07-05;2013;186;27;3;7;5;5;8300.0;0.0;0.0;1.0;0.0;0.0;1.0;8789
2013-07-06;2013;187;27;3;7;6;6;8789.0;0.0;0.0;1.0;0.0;0.0;1.0;6294
2013-07-07;2013;188;27;3;7;7;7;6294.0;0.0;0.0;1.0;0.0;0.0;1.0;5292
2013-07-08;2013;189;28;3;7;8;1;5292.0;0.0;0.0;1.0;0.0;0.0;1.0;9312
2013-07-09;2013;190;28;3;7;9;2;9312.0;0.0;0.0;1.0;0.0;0.0;1.0;8840
2013-07-10;2013;191;28;3;7;10;3;8840.0;0.0;0.0;1.0;0.0;0.0;1.0;8826
2013-07-11;2013;192;28;3;7;11;4;8826.0;0.0;0.0;1.0;0.0;0.0;1.0;8823
2013-07-12;2013;193;28;3;7;12;5;8823.0;0.0;0.0;1.0;0.0;0.0;1.0;8485
2013-07-13;2013;194;28;3;7;13;6;8485.0;0.0;0.0;1.0;0.0;0.0;1.0;6992
2013-07-14;2013;195;28;3;7;14;7;6992.0;0.0;0.0;1.0;0.0;0.0;1.0;5070
2013-07-15;2013;196;29;3;7;15;1;5070.0;0.0;0.0;1.0;0.0;0.0;1.0;9357
2013-07-16;2013;197;29;3;7;16;2;9357.0;0.0;0.0;1.0;0.0;0.0;1.0;9653
2013-07-17;2013;198;29;3;7;17;3;9653.0;0.0;0.0;1.0;0.0;0.0;1.0;8829
2013-07-18;2013;199;29;3;7;18;4;8829.0;0.0;0.0;1.0;0.0;0.0;1.0;8233
2013-07-19;2013;200;29;3;7;19;5;8233.0;0.0;0.0;1.0;0.0;0.0;1.0;8310
2013-07-20;2013;201;29;3;7;20;6;8310.0;0.0;0.0;1.0;0.0;0.0;1.0;7076
2013-07-21;2013;202;29;3;7;21;7;7076.0;0.0;0.0;1.0;0.0;0.0;1.0;5184
2013-07-22;2013;203;30;3;7;22;1;5184.0;0.0;0.0;1.0;0.0;0.0;1.0;9163
2013-07-23;2013;204;30;3;7;23;2;9163.0;0.0;0.0;1.0;0.0;0.0;1.0;8128
2013-07-24;2013;205;30;3;7;24;3;8128.0;0.0;0.0;1.0;0.0;0.0;1.0;8934
2013-07-25;2013;206;30;3;7;25;4;8934.0;0.0;0.0;1.0;0.0;0.0;1.0;9047
2013-07-26;2013;207;30;3;7;26;5;9047.0;0.0;0.0;1.0;0.0;0.0;1.0;9035
2013-07-27;2013;208;30;3;7;27;6;9035.0;0.0;0.0;1.0;0.0;0.0;1.0;6565
2013-07-28;2013;209;30;3;7;28;7;6565.0;0.0;0.0;1.0;0.0;0.0;1.0;5335
2013-07-29;2013;210;31;3;7;29;1;5335.0;0.0;0.0;1.0;0.0;0.0;1.0;9517
2013-07-30;2013;211;31;3;7;30;2;9517.0;0.0;0.0;1.0;0.0;0.0;1.0;8696
2013-07-31;2013;212;31;3;7;31;3;8696.0;0.0;0.0;1.0;0.0;0.0;1.0;9060
2013-08-01;2013;213;31;3;8;1;4;9060.0;0.0;0.0;1.0;0.0;0.0;1.0;8871
2013-08-02;2013;214;31;3;8;2;5;8871.0;0.0;0.0;1.0;0.0;0.0;1.0;9639
2013-08-03;2013;215;31;3;8;3;6;9639.0;0.0;0.0;1.0;0.0;0.0;1.0;7462
2013-08-04;2013;216;31;3;8;4;7;7462.0;0.0;0.0;1.0;0.0;0.0;1.0;6609
2013-08-05;2013;217;32;3;8;5;1;6609.0;0.0;0.0;1.0;0.0;0.0;1.0;10941
2013-08-06;2013;218;32;3;8;6;2;10941.0;0.0;0.0;1.0;0.0;0.0;1.0;10278
2013-08-07;2013;219;32;3;8;7;3;10278.0;0.0;0.0;1.0;0.0;0.0;1.0;10363
2013-08-08;2013;220;32;3;8;8;4;10363.0;0.0;0.0;1.0;0.0;0.0;1.0;10360
2013-08-09;2013;221;32;3;8;9;5;10360.0;0.0;0.0;1.0;0.0;0.0;1.0;10555
2013-08-10;2013;222;32;3;8;10;6;10555.0;0.0;0.0;1.0;0.0;0.0;1.0;10020
2013-08-11;2013;223;32;3;8;11;7;10020.0;0.0;0.0;1.0;0.0;0.0;1.0;7480
2013-08-12;2013;224;33;3;8;12;1;7480.0;0.0;0.0;1.0;0.0;0.0;1.0;11380
2013-08-13;2013;225;33;3;8;13;2;11380.0;0.0;0.0;1.0;0.0;0.0;1.0;10407
2013-08-14;2013;226;33;3;8;14;3;10407.0;0.0;0.0;1.0;0.0;0.0;1.0;9982
2013-08-15;2013;227;33;3;8;15;4;9982.0;0.0;0.0;1.0;0.0;0.0;1.0;6779
2013-08-16;2013;228;33;3;8;16;5;6779.0;0.0;0.0;1.0;0.0;0.0;1.0;9169
2013-08-17;2013;229;33;3;8;17;6;9169.0;0.0;0.0;1.0;0.0;0.0;1.0;7325
2013-08-18;2013;230;33;3;8;18;7;7325.0;0.0;0.0;1.0;0.0;0.0;1.0;5949
2013-08-19;2013;231;34;3;8;19;1;5949.0;0.0;0.0;1.0;0.0;0.0;1.0;9199
2013-08-20;2013;232;34;3;8;20;2;9199.0;0.0;0.0;1.0;0.0;0.0;1.0;8140
2013-08-21;2013;233;34;3;8;21;3;8140.0;0.0;0.0;1.0;0.0;0.0;1.0;8140
2013-08-22;2013;234;34;3;8;22;4;8140.0;0.0;0.0;1.0;0.0;0.0;1.0;7214
2013-08-23;2013;235;34;3;8;23;5;7214.0;0.0;0.0;1.0;0.0;0.0;1.0;6702
2013-08-24;2013;236;34;3;8;24;6;6702.0;0.0;0.0;1.0;0.0;0.0;1.0;5584
2013-08-25;2013;237;34;3;8;25;7;5584.0;0.0;0.0;1.0;0.0;0.0;1.0;3855
2013-08-26;2013;238;35;3;8;26;1;3855.0;0.0;0.0;1.0;0.0;0.0;1.0;6726
2013-08-27;2013;239;35;3;8;27;2;6726.0;0.0;0.0;1.0;0.0;0.0;1.0;6925
2013-08-28;2013;240;35;3;8;28;3;6925.0;0.0;0.0;1.0;0.0;0.0;1.0;6566
2013-08-29;2013;241;35;3;8;29;4;6566.0;0.0;0.0;1.0;0.0;0.0;1.0;5868
2013-08-30;2013;242;35;3;8;30;5;5868.0;0.0;0.0;0.0;0.0;0.0;0.0;5275
2013-08-31;2013;243;35;3;8;31;6;5275.0;0.0;0.0;0.0;0.0;1.0;1.0;4494
2013-09-01;2013;244;35;3;9;1;7;4494.0;0.0;0.0;0.0;0.0;0.0;0.0;3529
2013-09-02;2013;245;36;3;9;2;1;3529.0;0.0;0.0;0.0;0.0;0.0;0.0;5968
2013-09-03;2013;246;36;3;9;3;2;5968.0;0.0;0.0;0.0;0.0;0.0;0.0;6097
2013-09-04;2013;247;36;3;9;4;3;6097.0;0.0;0.0;0.0;0.0;0.0;0.0;6258
2013-09-05;2013;248;36;3;9;5;4;6258.0;0.0;0.0;0.0;0.0;0.0;0.0;6411
2013-09-06;2013;249;36;3;9;6;5;6411.0;0.0;0.0;0.0;0.0;0.0;0.0;6052
2013-09-07;2013;250;36;3;9;7;6;6052.0;0.0;0.0;0.0;0.0;0.0;0.0;4457
2013-09-08;2013;251;36;3;9;8;7;4457.0;0.0;0.0;0.0;0.0;0.0;0.0;3136
2013-09-09;2013;252;37;3;9;9;1;3136.0;0.0;0.0;0.0;0.0;0.0;0.0;5974
2013-09-10;2013;253;37;3;9;10;2;5974.0;0.0;0.0;0.0;0.0;0.0;0.0;5878
2013-09-11;2013;254;37;3;9;11;3;5878.0;0.0;0.0;0.0;0.0;0.0;0.0;6156
2013-09-12;2013;255;37;3;9;12;4;6156.0;0.0;0.0;0.0;0.0;0.0;0.0;5551
2013-09-13;2013;256;37;3;9;13;5;5551.0;0.0;0.0;0.0;0.0;0.0;0.0;6122
2013-09-14;2013;257;37;3;9;14;6;6122.0;0.0;0.0;0.0;0.0;0.0;0.0;4240
2013-09-15;2013;258;37;3;9;15;7;4240.0;0.0;0.0;0.0;0.0;0.0;0.0;2993
2013-09-16;2013;259;38;3;9;16;1;2993.0;0.0;0.0;0.0;0.0;0.0;0.0;6668
2013-09-17;2013;260;38;3;9;17;2;6668.0;0.0;0.0;0.0;0.0;0.0;0.0;6470
2013-09-18;2013;261;38;3;9;18;3;6470.0;0.0;0.0;0.0;0.0;0.0;0.0;6350
2013-09-19;2013;262;38;3;9;19;4;6350.0;0.0;0.0;0.0;0.0;0.0;0.0;6124
2013-09-20;2013;263;38;3;9;20;5;6124.0;0.0;0.0;0.0;0.0;0.0;0.0;5540
2013-09-21;2013;264;38;3;9;21;6;5540.0;0.0;0.0;0.0;0.0;0.0;0.0;3770
2013-09-22;2013;265;38;3;9;22;7;3770.0;0.0;0.0;0.0;0.0;0.0;0.0;2824
2013-09-23;2013;266;39;3;9;23;1;2824.0;0.0;0.0;0.0;0.0;0.0;0.0;6073
2013-09-24;2013;267;39;3;9;24;2;6073.0;0.0;0.0;0.0;0.0;0.0;0.0;5882
2013-09-25;2013;268;39;3;9;25;3;5882.0;0.0;0.0;0.0;0.0;0.0;0.0;5976
2013-09-26;2013;269;39;3;9;26;4;5976.0;0.0;0.0;0.0;0.0;0.0;0.0;5695
2013-09-27;2013;270;39;3;9;27;5;5695.0;0.0;0.0;0.0;0.0;0.0;0.0;5459
2013-09-28;2013;271;39;3;9;28;6;5459.0;0.0;0.0;0.0;0.0;0.0;0.0;3458
2013-09-29;2013;272;39;3;9;29;7;3458.0;0.0;0.0;0.0;0.0;0.0;0.0;3227
2013-09-30;2013;273;40;3;9;30;1;3227.0;0.0;0.0;0.0;0.0;0.0;0.0;5513
2013-10-01;2013;274;40;4;10;1;2;5513.0;0.0;0.0;0.0;0.0;0.0;0.0;5988
2013-10-02;2013;275;40;4;10;2;3;5988.0;0.0;0.0;0.0;0.0;0.0;0.0;5537
2013-10-03;2013;276;40;4;10;3;4;5537.0;0.0;0.0;0.0;0.0;0.0;0.0;5500
2013-10-04;2013;277;40;4;10;4;5;5500.0;0.0;0.0;0.0;0.0;0.0;0.0;5321
2013-10-05;2013;278;40;4;10;5;6;5321.0;0.0;0.0;0.0;0.0;0.0;0.0;3452
2013-10-06;2013;279;40;4;10;6;7;3452.0;0.0;0.0;0.0;0.0;0.0;0.0;2617
2013-10-07;2013;280;41;4;10;7;1;2617.0;0.0;0.0;0.0;0.0;0.0;0.0;5920
2013-10-08;2013;281;41;4;10;8;2;5920.0;0.0;0.0;0.0;0.0;0.0;0.0;5292
2013-10-09;2013;282;41;4;10;9;3;5292.0;0.0;0.0;0.0;0.0;0.0;0.0;5285
2013-10-10;2013;283;41;4;10;10;4;5285.0;0.0;0.0;0.0;0.0;0.0;0.0;5457
2013-10-11;2013;284;41;4;10;11;5;5457.0;0.0;0.0;0.0;0.0;0.0;0.0;4609
2013-10-12;2013;285;41;4;10;12;6;4609.0;0.0;0.0;0.0;0.0;0.0;0.0;3710
2013-10-13;2013;286;41;4;10;13;7;3710.0;0.0;0.0;0.0;0.0;0.0;0.0;2329
2013-10-14;2013;287;42;4;10;14;1;2329.0;0.0;0.0;0.0;0.0;0.0;0.0;5812
2013-10-15;2013;288;42;4;10;15;2;5812.0;0.0;0.0;0.0;0.0;0.0;0.0;5185
2013-10-16;2013;289;42;4;10;16;3;5185.0;0.0;0.0;0.0;0.0;0.0;0.0;4620
2013-10-17;2013;290;42;4;10;17;4;4620.0;0.0;0.0;0.0;0.0;0.0;0.0;4550
2013-10-18;2013;291;42;4;10;18;5;4550.0;0.0;0.0;0.0;0.0;0.0;0.0;5075
2013-10-19;2013;292;42;4;10;19;6;5075.0;0.0;0.0;0.0;0.0;0.0;0.0;3338
2013-10-20;2013;293;42;4;10;20;7;3338.0;0.0;0.0;0.0;0.0;0.0;0.0;2529
2013-10-21;2013;294;43;4;10;21;1;2529.0;0.0;0.0;0.0;0.0;0.0;0.0;4707
2013-10-22;2013;295;43;4;10;22;2;4707.0;0.0;0.0;0.0;0.0;0.0;0.0;4370
2013-10-23;2013;296;43;4;10;23;3;4370.0;0.0;0.0;0.0;0.0;0.0;0.0;4627
2013-10-24;2013;297;43;4;10;24;4;4627.0;0.0;0.0;0.0;0.0;0.0;0.0;4456
2013-10-25;2013;298;43;4;10;25;5;4456.0;0.0;0.0;0.0;0.0;1.0;1.0;4006
2013-10-26;2013;299;43;4;10;26;6;4006.0;0.0;0.0;0.0;0.0;0.0;0.0;3003
2013-10-27;2013;300;43;4;10;27;7;3003.0;0.0;0.0;0.0;0.0;0.0;0.0;1897
2013-10-28;2013;301;44;4;10;28;1;1897.0;0.0;0.0;0.0;0.0;0.0;0.0;4767
2013-10-29;2013;302;44;4;10;29;2;4767.0;0.0;0.0;0.0;0.0;0.0;0.0;4533
2013-10-30;2013;303;44;4;10;30;3;4533.0;0.0;0.0;0.0;0.0;0.0;0.0;4588
2013-10-31;2013;304;44;4;10;31;4;4588.0;0.0;0.0;0.0;0.0;1.0;1.0;4569
2013-11-01;2013;305;44;4;11;1;5;4569.0;0.0;0.0;0.0;0.0;0.0;0.0;3921
2013-11-02;2013;306;44;4;11;2;6;3921.0;0.0;0.0;0.0;0.0;0.0;0.0;3014
2013-11-03;2013;307;44;4;11;3;7;3014.0;0.0;0.0;0.0;0.0;0.0;0.0;2246
2013-11-04;2013;308;45;4;11;4;1;2246.0;0.0;0.0;0.0;0.0;0.0;0.0;4326
2013-11-05;2013;309;45;4;11;5;2;4326.0;0.0;0.0;0.0;0.0;1.0;1.0;4327
2013-11-06;2013;310;45;4;11;6;3;4327.0;0.0;0.0;0.0;0.0;0.0;0.0;3791
2013-11-07;2013;311;45;4;11;7;4;3791.0;0.0;0.0;0.0;0.0;0.0;0.0;3600
2013-11-08;2013;312;45;4;11;8;5;3600.0;0.0;0.0;0.0;0.0;1.0;1.0;3313
2013-11-09;2013;313;45;4;11;9;6;3313.0;0.0;0.0;0.0;0.0;0.0;0.0;2974
2013-11-10;2013;314;45;4;11;10;7;2974.0;0.0;0.0;0.0;0.0;0.0;0.0;1921
2013-11-11;2013;315;46;4;11;11;1;1921.0;0.0;0.0;0.0;0.0;0.0;0.0;4232
2013-11-12;2013;316;46;4;11;12;2;4232.0;0.0;0.0;0.0;0.0;0.0;0.0;3968
2013-11-13;2013;317;46;4;11;13;3;3968.0;0.0;0.0;0.0;0.0;0.0;0.0;3973
2013-11-14;2013;318;46;4;11;14;4;3973.0;0.0;0.0;0.0;0.0;0.0;0.0;3452
2013-11-15;2013;319;46;4;11;15;5;3452.0;0.0;0.0;0.0;0.0;0.0;0.0;3622
2013-11-16;2013;320;46;4;11;16;6;3622.0;0.0;0.0;0.0;0.0;0.0;0.0;2638
2013-11-17;2013;321;46;4;11;17;7;2638.0;0.0;0.0;0.0;0.0;0.0;0.0;2231
2013-11-18;2013;322;47;4;11;18;1;2231.0;0.0;0.0;0.0;0.0;0.0;0.0;3970
2013-11-19;2013;323;47;4;11;19;2;3970.0;0.0;0.0;0.0;0.0;0.0;0.0;3898
2013-11-20;2013;324;47;4;11;20;3;3898.0;0.0;0.0;0.0;0.0;0.0;0.0;4223
2013-11-21;2013;325;47;4;11;21;4;4223.0;0.0;0.0;0.0;0.0;0.0;0.0;4282
2013-11-22;2013;326;47;4;11;22;5;4282.0;0.0;0.0;0.0;0.0;0.0;0.0;3865
2013-11-23;2013;327;47;4;11;23;6;3865.0;0.0;0.0;0.0;0.0;0.0;0.0;2684
2013-11-24;2013;328;47;4;11;24;7;2684.0;0.0;0.0;0.0;0.0;0.0;0.0;1553
2013-11-25;2013;329;48;4;11;25;1;1553.0;0.0;0.0;0.0;0.0;0.0;0.0;4047
2013-11-26;2013;330;48;4;11;26;2;4047.0;0.0;0.0;0.0;0.0;0.0;0.0;4552
2013-11-27;2013;331;48;4;11;27;3;4552.0;0.0;0.0;0.0;0.0;0.0;0.0;4978
2013-11-28;2013;332;48;4;11;28;4;4978.0;0.0;0.0;0.0;0.0;0.0;0.0;5144
2013-11-29;2013;333;48;4;11;29;5;5144.0;0.0;0.0;0.0;0.0;0.0;0.0;4837
2013-11-30;2013;334;48;4;11;30;6;4837.0;0.0;0.0;0.0;0.0;0.0;0.0;1977
2013-12-01;2013;335;48;4;12;1;7;1977.0;0.0;0.0;0.0;0.0;0.0;0.0;1391
2013-12-02;2013;336;49;4;12;2;1;1391.0;0.0;0.0;0.0;0.0;0.0;0.0;3946
2013-12-03;2013;337;49;4;12;3;2;3946.0;0.0;0.0;0.0;0.0;0.0;0.0;4664
2013-12-04;2013;338;49;4;12;4;3;4664.0;0.0;0.0;0.0;0.0;0.0;0.0;4640
2013-12-05;2013;339;49;4;12;5;4;4640.0;0.0;0.0;0.0;0.0;0.0;0.0;3961
2013-12-06;2013;340;49;4;12;6;5;3961.0;0.0;0.0;0.0;0.0;0.0;0.0;4608
2013-12-07;2013;341;49;4;12;7;6;4608.0;0.0;0.0;0.0;0.0;0.0;0.0;2348
2013-12-08;2013;342;49;4;12;8;7;2348.0;0.0;0.0;0.0;0.0;0.0;0.0;1695
2013-12-09;2013;343;50;4;12;9;1;1695.0;0.0;0.0;0.0;0.0;0.0;0.0;4641
2013-12-10;2013;344;50;4;12;10;2;4641.0;0.0;0.0;0.0;0.0;0.0;0.0;5296
2013-12-11;2013;345;50;4;12;11;3;5296.0;0.0;0.0;0.0;0.0;0.0;0.0;3917
2013-12-12;2013;346;50;4;12;12;4;3917.0;0.0;0.0;0.0;0.0;0.0;0.0;3465
2013-12-13;2013;347;50;4;12;13;5;3465.0;0.0;0.0;0.0;0.0;0.0;0.0;3915
2013-12-14;2013;348;50;4;12;14;6;3915.0;0.0;0.0;0.0;0.0;0.0;0.0;2719
2013-12-15;2013;349;50;4;12;15;7;2719.0;0.0;0.0;0.0;0.0;0.0;0.0;2166
2013-12-16;2013;350;51;4;12;16;1;2166.0;0.0;0.0;0.0;0.0;0.0;0.0;4378
2013-12-17;2013;351;51;4;12;17;2;4378.0;0.0;0.0;0.0;0.0;0.0;0.0;3405
2013-12-18;2013;352;51;4;12;18;3;3405.0;0.0;0.0;0.0;0.0;0.0;0.0;3611
2013-12-19;2013;353;51;4;12;19;4;3611.0;0.0;0.0;0.0;0.0;0.0;0.0;3876
2013-12-20;2013;354;51;4;12;20;5;3876.0;0.0;0.0;0.0;0.0;0.0;0.0;3894
2013-12-21;2013;355;51;4;12;21;6;3894.0;0.0;0.0;0.0;1.0;0.0;1.0;3463
2013-12-22;2013;356;51;4;12;22;7;3463.0;0.0;0.0;0.0;1.0;0.0;1.0;3163
2013-12-23;2013;357;52;4;12;23;1;3163.0;0.0;0.0;0.0;1.0;0.0;1.0;5454
2013-12-24;2013;358;52;4;12;24;2;5454.0;0.0;0.0;0.0;1.0;0.0;1.0;3557
2013-12-25;2013;359;52;4;12;25;3;3557.0;0.0;0.0;0.0;1.0;1.0;2.0;2371
2013-12-26;2013;360;52;4;12;26;4;2371.0;0.0;0.0;0.0;1.0;1.0;2.0;4560
2013-12-27;2013;361;52;4;12;27;5;4560.0;0.0;0.0;0.0;1.0;0.0;1.0;6924
2013-12-28;2013;362;52;4;12;28;6;6924.0;0.0;0.0;0.0;1.0;1.0;2.0;5663
2013-12-29;2013;363;52;4;12;29;7;5663.0;0.0;0.0;0.0;1.0;0.0;1.0;4583
2013-12-30;2013;364;1;4;12;30;1;4583.0;0.0;0.0;0.0;1.0;0.0;1.0;7325
2013-12-31;2013;365;1;4;12;31;2;7325.0;0.0;0.0;0.0;1.0;0.0;1.0;5321
2014-01-01;2014;1;1;1;1;1;3;5321.0;1494.0;7794.0;0.0;1.0;1.0;2.0;1327
2014-01-02;2014;2;1;1;1;2;4;1327.0;2891.0;20074.0;0.0;1.0;0.0;1.0;3417
2014-01-03;2014;3;1;1;1;3;5;3417.0;2790.0;17905.0;0.0;1.0;0.0;1.0;3178
2014-01-04;2014;4;1;1;1;4;6;3178.0;2504.0;10880.0;0.0;0.0;0.0;0.0;1767
2014-01-05;2014;5;1;1;1;5;7;1767.0;1522.0;8333.0;0.0;0.0;0.0;0.0;1374
2014-01-06;2014;6;2;1;1;6;1;1374.0;965.0;7900.0;0.0;0.0;0.0;0.0;1331
2014-01-07;2014;7;2;1;1;7;2;1331.0;1997.0;16468.0;0.0;0.0;0.0;0.0;2785
2014-01-08;2014;8;2;1;1;8;3;2785.0;2068.0;17420.0;0.0;0.0;0.0;0.0;2893
2014-01-09;2014;9;2;1;1;9;4;2893.0;1988.0;17943.0;0.0;0.0;0.0;0.0;3090
2014-01-10;2014;10;2;1;1;10;5;3090.0;2761.0;19016.0;0.0;0.0;0.0;0.0;3151
2014-01-11;2014;11;2;1;1;11;6;3151.0;1736.0;11060.0;0.0;0.0;0.0;0.0;1906
2014-01-12;2014;12;2;1;1;12;7;1906.0;1432.0;7367.0;0.0;0.0;0.0;0.0;1263
2014-01-13;2014;13;3;1;1;13;1;1263.0;2252.0;18513.0;0.0;0.0;0.0;0.0;3342
2014-01-14;2014;14;3;1;1;14;2;3342.0;2829.0;18067.0;0.0;0.0;0.0;0.0;3117
2014-01-15;2014;15;3;1;1;15;3;3117.0;1831.0;19101.0;0.0;0.0;0.0;0.0;3191
2014-01-16;2014;16;3;1;1;16;4;3191.0;3229.0;18863.0;0.0;0.0;0.0;0.0;3153
2014-01-17;2014;17;3;1;1;17;5;3153.0;2590.0;17735.0;0.0;0.0;0.0;0.0;3042
2014-01-18;2014;18;3;1;1;18;6;3042.0;2824.0;10760.0;0.0;0.0;0.0;0.0;1874
2014-01-19;2014;19;3;1;1;19;7;1874.0;1520.0;7870.0;0.0;0.0;0.0;0.0;1392
2014-01-20;2014;20;4;1;1;20;1;1392.0;2526.0;15972.0;0.0;0.0;0.0;0.0;2734
2014-01-21;2014;21;4;1;1;21;2;2734.0;2205.0;13781.0;0.0;0.0;0.0;0.0;2412
2014-01-22;2014;22;4;1;1;22;3;2412.0;2058.0;12276.0;0.0;0.0;0.0;0.0;2219
2014-01-23;2014;23;4;1;1;23;4;2219.0;1859.0;14834.0;0.0;0.0;0.0;0.0;2342
2014-01-24;2014;24;4;1;1;24;5;2342.0;2244.0;13189.0;0.0;0.0;0.0;0.0;2280
2014-01-25;2014;25;4;1;1;25;6;2280.0;2450.0;8144.0;0.0;0.0;0.0;0.0;1457
2014-01-26;2014;26;4;1;1;26;7;1457.0;1383.0;6507.0;0.0;0.0;0.0;0.0;1112
2014-01-27;2014;27;5;1;1;27;1;1112.0;3144.0;14561.0;0.0;0.0;0.0;0.0;2497
2014-01-28;2014;28;5;1;1;28;2;2497.0;2490.0;12847.0;0.0;0.0;0.0;0.0;2340
2014-01-29;2014;29;5;1;1;29;3;2340.0;2038.0;14625.0;0.0;0.0;0.0;0.0;2364
2014-01-30;2014;30;5;1;1;30;4;2364.0;2593.0;13162.0;0.0;0.0;0.0;0.0;2285
2014-01-31;2014;31;5;1;1;31;5;2285.0;2906.0;13759.0;0.0;0.0;0.0;0.0;2477
2014-02-01;2014;32;5;1;2;1;6;2477.0;1360.0;9498.0;0.0;0.0;0.0;0.0;1600
2014-02-02;2014;33;5;1;2;2;7;1600.0;1552.0;7815.0;0.0;0.0;0.0;0.0;1310
2014-02-03;2014;34;6;1;2;3;1;1310.0;2135.0;15401.0;0.0;0.0;0.0;0.0;2673
2014-02-04;2014;35;6;1;2;4;2;2673.0;2207.0;13840.0;0.0;0.0;0.0;0.0;2460
2014-02-05;2014;36;6;1;2;5;3;2460.0;2636.0;14587.0;0.0;0.0;0.0;0.0;2491
2014-02-06;2014;37;6;1;2;6;4;2491.0;2034.0;14325.0;0.0;0.0;0.0;0.0;2534
2014-02-07;2014;38;6;1;2;7;5;2534.0;2192.0;13867.0;0.0;0.0;0.0;0.0;2487
2014-02-08;2014;39;6;1;2;8;6;2487.0;1695.0;9019.0;0.0;0.0;0.0;0.0;1556
2014-02-09;2014;40;6;1;2;9;7;1556.0;1178.0;6771.0;0.0;0.0;0.0;0.0;1203
2014-02-10;2014;41;7;1;2;10;1;1203.0;2411.0;16353.0;0.0;0.0;0.0;0.0;2846
2014-02-11;2014;42;7;1;2;11;2;2846.0;2101.0;14672.0;0.0;0.0;0.0;0.0;2515
2014-02-12;2014;43;7;1;2;12;3;2515.0;1868.0;15025.0;0.0;0.0;0.0;0.0;2736
2014-02-13;2014;44;7;1;2;13;4;2736.0;3172.0;15220.0;0.0;0.0;0.0;0.0;2659
2014-02-14;2014;45;7;1;2;14;5;2659.0;2984.0;14546.0;0.0;0.0;0.0;0.0;2634
2014-02-15;2014;46;7;1;2;15;6;2634.0;2770.0;10337.0;0.0;0.0;0.0;0.0;1792
2014-02-16;2014;47;7;1;2;16;7;1792.0;1468.0;7622.0;0.0;0.0;0.0;0.0;1336
2014-02-17;2014;48;8;1;2;17;1;1336.0;2448.0;17239.0;0.0;0.0;0.0;0.0;2910
2014-02-18;2014;49;8;1;2;18;2;2910.0;1288.0;16420.0;0.0;0.0;0.0;0.0;2727
2014-02-19;2014;50;8;1;2;19;3;2727.0;2300.0;14895.0;0.0;0.0;0.0;0.0;2713
2014-02-20;2014;51;8;1;2;20;4;2713.0;2361.0;15834.0;0.0;0.0;0.0;0.0;2716
2014-02-21;2014;52;8;1;2;21;5;2716.0;2621.0;16735.0;0.0;0.0;0.0;0.0;2724
2014-02-22;2014;53;8;1;2;22;6;2724.0;2096.0;10785.0;0.0;0.0;0.0;0.0;1814
2014-02-23;2014;54;8;1;2;23;7;1814.0;1163.0;7898.0;0.0;0.0;0.0;0.0;1352
2014-02-24;2014;55;9;1;2;24;1;1352.0;2702.0;18223.0;0.0;0.0;0.0;0.0;3085
2014-02-25;2014;56;9;1;2;25;2;3085.0;2542.0;15974.0;0.0;0.0;0.0;0.0;2766
2014-02-26;2014;57;9;1;2;26;3;2766.0;1699.0;15350.0;0.0;0.0;0.0;0.0;2683
2014-02-27;2014;58;9;1;2;27;4;2683.0;3213.0;18430.0;0.0;0.0;0.0;0.0;2764
2014-02-28;2014;59;9;1;2;28;5;2764.0;3349.0;16408.0;0.0;0.0;0.0;0.0;2951
2014-03-01;2014;60;9;1;3;1;6;2951.0;2846.0;11319.0;0.0;0.0;0.0;0.0;2026
2014-03-02;2014;61;9;1;3;2;7;2026.0;1479.0;9363.0;0.0;0.0;0.0;0.0;1557
2014-03-03;2014;62;10;1;3;3;1;1557.0;1513.0;16684.0;0.0;0.0;0.0;0.0;2938
2014-03-04;2014;63;10;1;3;4;2;2938.0;2243.0;16655.0;0.0;0.0;0.0;0.0;2806
2014-03-05;2014;64;10;1;3;5;3;2806.0;2975.0;17669.0;0.0;0.0;0.0;0.0;2917
2014-03-06;2014;65;10;1;3;6;4;2917.0;2816.0;16723.0;0.0;0.0;0.0;0.0;2844
2014-03-07;2014;66;10;1;3;7;5;2844.0;2210.0;16284.0;0.0;0.0;0.0;0.0;2820
2014-03-08;2014;67;10;1;3;8;6;2820.0;3418.0;10798.0;0.0;0.0;0.0;0.0;1764
2014-03-09;2014;68;10;1;3;9;7;1764.0;1441.0;7894.0;0.0;0.0;0.0;0.0;1305
2014-03-10;2014;69;11;1;3;10;1;1305.0;2970.0;18416.0;0.0;0.0;0.0;0.0;3130
2014-03-11;2014;70;11;1;3;11;2;3130.0;2028.0;17051.0;0.0;0.0;0.0;0.0;2930
2014-03-12;2014;71;11;1;3;12;3;2930.0;2859.0;17058.0;0.0;0.0;0.0;0.0;2893
2014-03-13;2014;72;11;1;3;13;4;2893.0;2688.0;17093.0;0.0;0.0;0.0;0.0;2898
2014-03-14;2014;73;11;1;3;14;5;2898.0;2915.0;17090.0;0.0;0.0;0.0;0.0;2956
2014-03-15;2014;74;11;1;3;15;6;2956.0;3028.0;11503.0;0.0;0.0;0.0;0.0;1951
2014-03-16;2014;75;11;1;3;16;7;1951.0;1708.0;8523.0;0.0;0.0;0.0;0.0;1470
2014-03-17;2014;76;12;1;3;17;1;1470.0;3298.0;18916.0;0.0;0.0;0.0;0.0;3463
2014-03-18;2014;77;12;1;3;18;2;3463.0;2506.0;18670.0;0.0;0.0;0.0;0.0;3227
2014-03-19;2014;78;12;1;3;19;3;3227.0;2325.0;18163.0;0.0;0.0;0.0;0.0;3084
2014-03-20;2014;79;12;1;3;20;4;3084.0;3230.0;16366.0;0.0;0.0;0.0;0.0;2942
2014-03-21;2014;80;12;1;3;21;5;2942.0;2015.0;16304.0;0.0;0.0;0.0;0.0;2942
2014-03-22;2014;81;12;1;3;22;6;2942.0;3196.0;11517.0;0.0;0.0;0.0;0.0;2056
2014-03-23;2014;82;12;1;3;23;7;2056.0;1076.0;9418.0;0.0;0.0;0.0;0.0;1627
2014-03-24;2014;83;13;1;3;24;1;1627.0;3266.0;20517.0;0.0;0.0;0.0;0.0;3624
2014-03-25;2014;84;13;1;3;25;2;3624.0;3599.0;21289.0;0.0;0.0;0.0;0.0;3822
2014-03-26;2014;85;13;1;3;26;3;3822.0;3235.0;20211.0;0.0;0.0;0.0;0.0;3649
2014-03-27;2014;86;13;1;3;27;4;3649.0;2914.0;23237.0;0.0;0.0;0.0;0.0;3776
2014-03-28;2014;87;13;1;3;28;5;3776.0;2611.0;18447.0;0.0;0.0;0.0;0.0;3229
2014-03-29;2014;88;13;1;3;29;6;3229.0;2744.0;12358.0;0.0;0.0;0.0;0.0;2171
2014-03-30;2014;89;13;1;3;30;7;2171.0;1684.0;6559.0;0.0;0.0;1.0;1.0;1059
2014-03-31;2014;90;14;1;3;31;1;1059.0;2294.0;20093.0;0.0;0.0;0.0;0.0;3522
2014-04-01;2014;91;14;2;4;1;2;3522.0;2827.0;19429.0;0.0;0.0;0.0;0.0;3466
2014-04-02;2014;92;14;2;4;2;3;3466.0;4088.0;21566.0;0.0;0.0;0.0;0.0;3685
2014-04-03;2014;93;14;2;4;3;4;3685.0;4468.0;22780.0;0.0;0.0;0.0;0.0;3849
2014-04-04;2014;94;14;2;4;4;5;3849.0;3588.0;20834.0;0.0;0.0;0.0;0.0;3732
2014-04-05;2014;95;14;2;4;5;6;3732.0;3950.0;15450.0;0.0;0.0;0.0;0.0;2694
2014-04-06;2014;96;14;2;4;6;7;2694.0;2518.0;13627.0;0.0;0.0;0.0;0.0;2221
2014-04-07;2014;97;15;2;4;7;1;2221.0;2534.0;25860.0;0.0;0.0;0.0;0.0;4474
2014-04-08;2014;98;15;2;4;8;2;4474.0;4223.0;22823.0;0.0;0.0;0.0;0.0;4117
2014-04-09;2014;99;15;2;4;9;3;4117.0;3656.0;25809.0;0.0;0.0;0.0;0.0;4110
2014-04-10;2014;100;15;2;4;10;4;4110.0;2653.0;23508.0;0.0;0.0;0.0;0.0;3922
2014-04-11;2014;101;15;2;4;11;5;3922.0;2931.0;25179.0;0.0;0.0;0.0;0.0;3916
2014-04-12;2014;102;15;2;4;12;6;3916.0;4031.0;17650.0;0.0;0.0;0.0;0.0;2878
2014-04-13;2014;103;15;2;4;13;7;2878.0;1405.0;14580.0;0.0;0.0;0.0;0.0;2346
2014-04-14;2014;104;16;2;4;14;1;2346.0;3014.0;27559.0;0.0;0.0;0.0;0.0;4852
2014-04-15;2014;105;16;2;4;15;2;4852.0;3852.0;25150.0;0.0;0.0;0.0;0.0;4433
2014-04-16;2014;106;16;2;4;16;3;4433.0;2416.0;27058.0;0.0;0.0;0.0;0.0;4578
2014-04-17;2014;107;16;2;4;17;4;4578.0;4007.0;26834.0;0.0;0.0;0.0;0.0;4587
2014-04-18;2014;108;16;2;4;18;5;4587.0;5726.0;18045.0;0.0;0.0;1.0;1.0;3357
2014-04-19;2014;109;16;2;4;19;6;3357.0;4856.0;19806.0;0.0;0.0;0.0;0.0;3404
2014-04-20;2014;110;16;2;4;20;7;3404.0;1968.0;10650.0;0.0;0.0;0.0;0.0;1950
2014-04-21;2014;111;17;2;4;21;1;1950.0;2813.0;11221.0;0.0;0.0;1.0;1.0;1782
2014-04-22;2014;112;17;2;4;22;2;1782.0;6178.0;29285.0;0.0;0.0;0.0;0.0;4893
2014-04-23;2014;113;17;2;4;23;3;4893.0;4142.0;20508.0;0.0;0.0;1.0;1.0;3336
2014-04-24;2014;114;17;2;4;24;4;3336.0;5278.0;28877.0;0.0;0.0;0.0;0.0;5130
2014-04-25;2014;115;17;2;4;25;5;5130.0;8054.0;19130.0;0.0;0.0;0.0;0.0;3366
2014-04-26;2014;116;17;2;4;26;6;3366.0;3556.0;19739.0;0.0;0.0;0.0;0.0;3160
2014-04-27;2014;117;17;2;4;27;7;3160.0;2546.0;13875.0;0.0;0.0;0.0;0.0;2401
2014-04-28;2014;118;18;2;4;28;1;2401.0;4293.0;29987.0;0.0;0.0;0.0;0.0;4942
2014-04-29;2014;119;18;2;4;29;2;4942.0;4052.0;26435.0;0.0;0.0;0.0;0.0;4558
2014-04-30;2014;120;18;2;4;30;3;4558.0;3435.0;30735.0;0.0;0.0;0.0;0.0;4924
2014-05-01;2014;121;18;2;5;1;4;4924.0;3421.0;18633.0;0.0;0.0;0.0;0.0;3134
2014-05-02;2014;122;18;2;5;2;5;3134.0;5443.0;26730.0;0.0;0.0;0.0;0.0;4376
2014-05-03;2014;123;18;2;5;3;6;4376.0;3083.0;17565.0;0.0;0.0;0.0;0.0;2937
2014-05-04;2014;124;18;2;5;4;7;2937.0;1212.0;12319.0;0.0;0.0;0.0;0.0;2118
2014-05-05;2014;125;19;2;5;5;1;2118.0;3952.0;18055.0;0.0;0.0;1.0;1.0;2951
2014-05-06;2014;126;19;2;5;6;2;2951.0;3162.0;22357.0;0.0;0.0;0.0;0.0;4060
2014-05-07;2014;127;19;2;5;7;3;4060.0;2433.0;24513.0;0.0;0.0;0.0;0.0;4203
2014-05-08;2014;128;19;2;5;8;4;4203.0;3331.0;24195.0;0.0;0.0;0.0;0.0;4221
2014-05-09;2014;129;19;2;5;9;5;4221.0;4663.0;21763.0;0.0;0.0;0.0;0.0;3812
2014-05-10;2014;130;19;2;5;10;6;3812.0;2912.0;15216.0;0.0;0.0;0.0;0.0;2800
2014-05-11;2014;131;19;2;5;11;7;2800.0;1472.0;10991.0;0.0;0.0;0.0;0.0;1961
2014-05-12;2014;132;20;2;5;12;1;1961.0;2183.0;27560.0;0.0;0.0;0.0;0.0;4337
2014-05-13;2014;133;20;2;5;13;2;4337.0;2871.0;22547.0;0.0;0.0;0.0;0.0;4197
2014-05-14;2014;134;20;2;5;14;3;4197.0;3306.0;25536.0;0.0;0.0;0.0;0.0;4355
2014-05-15;2014;135;20;2;5;15;4;4355.0;4412.0;25025.0;0.0;0.0;0.0;0.0;4245
2014-05-16;2014;136;20;2;5;16;5;4245.0;4208.0;23279.0;0.0;0.0;0.0;0.0;3999
2014-05-17;2014;137;20;2;5;17;6;3999.0;3919.0;16556.0;0.0;0.0;0.0;0.0;2771
2014-05-18;2014;138;20;2;5;18;7;2771.0;2073.0;11056.0;0.0;0.0;0.0;0.0;1970
2014-05-19;2014;139;21;2;5;19;1;1970.0;4731.0;26560.0;0.0;0.0;0.0;0.0;4573
2014-05-20;2014;140;21;2;5;20;2;4573.0;3178.0;26176.0;0.0;0.0;0.0;0.0;4380
2014-05-21;2014;141;21;2;5;21;3;4380.0;4163.0;24844.0;0.0;0.0;0.0;0.0;4434
2014-05-22;2014;142;21;2;5;22;4;4434.0;2553.0;25989.0;0.0;0.0;0.0;0.0;4223
2014-05-23;2014;143;21;2;5;23;5;4223.0;3807.0;26896.0;0.0;0.0;0.0;0.0;4476
2014-05-24;2014;144;21;2;5;24;6;4476.0;3402.0;16980.0;0.0;0.0;0.0;0.0;3064
2014-05-25;2014;145;21;2;5;25;7;3064.0;2351.0;13471.0;0.0;0.0;0.0;0.0;2254
2014-05-26;2014;146;22;2;5;26;1;2254.0;4050.0;21294.0;0.0;0.0;1.0;1.0;3423
2014-05-27;2014;147;22;2;5;27;2;3423.0;4579.0;28121.0;0.0;0.0;0.0;0.0;4713
2014-05-28;2014;148;22;2;5;28;3;4713.0;3466.0;30438.0;0.0;0.0;0.0;0.0;5129
2014-05-29;2014;149;22;2;5;29;4;5129.0;5159.0;31737.0;0.0;0.0;0.0;0.0;5479
2014-05-30;2014;150;22;2;5;30;5;5479.0;3806.0;30460.0;0.0;0.0;0.0;0.0;5366
2014-05-31;2014;151;22;2;5;31;6;5366.0;4737.0;25393.0;0.0;0.0;0.0;0.0;4313
2014-06-01;2014;152;22;2;6;1;7;4313.0;3534.0;18044.0;0.0;0.0;0.0;0.0;2954
2014-06-02;2014;153;23;2;6;2;1;2954.0;4050.0;21140.0;0.0;0.0;0.0;0.0;3572
2014-06-03;2014;154;23;2;6;3;2;3572.0;4819.0;40425.0;0.0;0.0;0.0;0.0;6612
2014-06-04;2014;155;23;2;6;4;3;6612.0;4707.0;38314.0;0.0;0.0;0.0;0.0;6414
2014-06-05;2014;156;23;2;6;5;4;6414.0;6178.0;36745.0;0.0;0.0;0.0;0.0;6685
2014-06-06;2014;157;23;2;6;6;5;6685.0;3476.0;42859.0;0.0;0.0;0.0;0.0;6728
2014-06-07;2014;158;23;2;6;7;6;6728.0;4235.0;25497.0;0.0;0.0;0.0;0.0;4543
2014-06-08;2014;159;23;2;6;8;7;4543.0;2412.0;21543.0;0.0;0.0;0.0;0.0;3625
2014-06-09;2014;160;24;2;6;9;1;3625.0;5262.0;39979.0;0.0;0.0;0.0;0.0;7244
2014-06-10;2014;161;24;2;6;10;2;7244.0;4406.0;39656.0;0.0;0.0;0.0;0.0;7088
2014-06-11;2014;162;24;2;6;11;3;7088.0;6620.0;44881.0;0.0;0.0;0.0;0.0;7211
2014-06-12;2014;163;24;2;6;12;4;7211.0;4715.0;29105.0;0.0;0.0;0.0;0.0;5221
2014-06-13;2014;164;24;2;6;13;5;5221.0;3074.0;24980.0;0.0;0.0;0.0;0.0;4399
2014-06-14;2014;165;24;2;6;14;6;4399.0;3465.0;18379.0;0.0;0.0;0.0;0.0;3355
2014-06-15;2014;166;24;2;6;15;7;3355.0;2864.0;15911.0;0.0;0.0;0.0;0.0;2805
2014-06-16;2014;167;25;2;6;16;1;2805.0;3052.0;30226.0;0.0;0.0;0.0;0.0;5211
2014-06-17;2014;168;25;2;6;17;2;5211.0;4106.0;29640.0;0.0;0.0;0.0;0.0;4949
2014-06-18;2014;169;25;2;6;18;3;4949.0;4383.0;30075.0;0.0;0.0;0.0;0.0;5135
2014-06-19;2014;170;25;2;6;19;4;5135.0;5778.0;27155.0;0.0;0.0;0.0;0.0;4898
2014-06-20;2014;171;25;2;6;20;5;4898.0;4953.0;29111.0;0.0;0.0;0.0;0.0;4567
2014-06-21;2014;172;25;2;6;21;6;4567.0;4434.0;20366.0;0.0;0.0;0.0;0.0;3592
2014-06-22;2014;173;25;2;6;22;7;3592.0;3272.0;16562.0;0.0;0.0;0.0;0.0;2860
2014-06-23;2014;174;26;2;6;23;1;2860.0;5415.0;39047.0;0.0;0.0;0.0;0.0;6599
2014-06-24;2014;175;26;2;6;24;2;6599.0;3693.0;27848.0;0.0;0.0;0.0;0.0;4724
2014-06-25;2014;176;26;2;6;25;3;4724.0;4471.0;30538.0;0.0;0.0;0.0;0.0;5219
2014-06-26;2014;177;26;2;6;26;4;5219.0;5690.0;31170.0;0.0;0.0;0.0;0.0;5157
2014-06-27;2014;178;26;2;6;27;5;5157.0;4510.0;28093.0;0.0;0.0;0.0;0.0;4789
2014-06-28;2014;179;26;2;6;28;6;4789.0;4512.0;19932.0;0.0;0.0;0.0;0.0;3435
2014-06-29;2014;180;26;2;6;29;7;3435.0;2200.0;14851.0;0.0;0.0;0.0;0.0;2727
2014-06-30;2014;181;27;2;6;30;1;2727.0;3843.0;31851.0;1.0;0.0;0.0;1.0;5549
2014-07-01;2014;182;27;3;7;1;2;5549.0;4590.0;32606.0;1.0;0.0;0.0;1.0;5655
2014-07-02;2014;183;27;3;7;2;3;5655.0;6285.0;32295.0;1.0;0.0;0.0;1.0;5401
2014-07-03;2014;184;27;3;7;3;4;5401.0;3894.0;29581.0;1.0;0.0;0.0;1.0;5291
2014-07-04;2014;185;27;3;7;4;5;5291.0;5829.0;30144.0;1.0;0.0;0.0;1.0;5302
2014-07-05;2014;186;27;3;7;5;6;5302.0;5431.0;24157.0;1.0;0.0;0.0;1.0;4173
2014-07-06;2014;187;27;3;7;6;7;4173.0;3426.0;20898.0;1.0;0.0;0.0;1.0;3535
2014-07-07;2014;188;28;3;7;7;1;3535.0;5915.0;36524.0;1.0;0.0;0.0;1.0;6167
2014-07-08;2014;189;28;3;7;8;2;6167.0;4597.0;33938.0;1.0;0.0;0.0;1.0;5869
2014-07-09;2014;190;28;3;7;9;3;5869.0;4802.0;34599.0;1.0;0.0;0.0;1.0;5816
2014-07-10;2014;191;28;3;7;10;4;5816.0;5728.0;36182.0;1.0;0.0;0.0;1.0;6090
2014-07-11;2014;192;28;3;7;11;5;6090.0;4378.0;35915.0;1.0;0.0;0.0;1.0;5871
2014-07-12;2014;193;28;3;7;12;6;5871.0;5929.0;26687.0;1.0;0.0;0.0;1.0;4432
2014-07-13;2014;194;28;3;7;13;7;4432.0;3140.0;20907.0;1.0;0.0;0.0;1.0;3577
2014-07-14;2014;195;29;3;7;14;1;3577.0;6936.0;38016.0;1.0;0.0;0.0;1.0;6553
2014-07-15;2014;196;29;3;7;15;2;6553.0;4081.0;36359.0;1.0;0.0;0.0;1.0;6149
2014-07-16;2014;197;29;3;7;16;3;6149.0;5816.0;36258.0;1.0;0.0;0.0;1.0;6127
2014-07-17;2014;198;29;3;7;17;4;6127.0;5052.0;37130.0;1.0;0.0;0.0;1.0;6111
2014-07-18;2014;199;29;3;7;18;5;6111.0;8736.0;34515.0;1.0;0.0;0.0;1.0;6129
2014-07-19;2014;200;29;3;7;19;6;6129.0;5537.0;27831.0;1.0;0.0;0.0;1.0;4754
2014-07-20;2014;201;29;3;7;20;7;4754.0;3435.0;23742.0;1.0;0.0;0.0;1.0;4004
2014-07-21;2014;202;30;3;7;21;1;4004.0;5349.0;39620.0;1.0;0.0;0.0;1.0;6865
2014-07-22;2014;203;30;3;7;22;2;6865.0;6283.0;51266.0;1.0;0.0;0.0;1.0;8218
2014-07-23;2014;204;30;3;7;23;3;8218.0;6906.0;49922.0;1.0;0.0;0.0;1.0;8590
2014-07-24;2014;205;30;3;7;24;4;8590.0;7521.0;52600.0;1.0;0.0;0.0;1.0;8654
2014-07-25;2014;206;30;3;7;25;5;8654.0;8593.0;50423.0;1.0;0.0;0.0;1.0;7905
2014-07-26;2014;207;30;3;7;26;6;7905.0;5370.0;30140.0;1.0;0.0;0.0;1.0;5265
2014-07-27;2014;208;30;3;7;27;7;5265.0;4846.0;23685.0;1.0;0.0;0.0;1.0;4244
2014-07-28;2014;209;31;3;7;28;1;4244.0;8683.0;40511.0;1.0;0.0;0.0;1.0;6912
2014-07-29;2014;210;31;3;7;29;2;6912.0;4496.0;36714.0;1.0;0.0;0.0;1.0;6651
2014-07-30;2014;211;31;3;7;30;3;6651.0;6236.0;41216.0;1.0;0.0;0.0;1.0;6977
2014-07-31;2014;212;31;3;7;31;4;6977.0;6376.0;36377.0;1.0;0.0;0.0;1.0;6707
2014-08-01;2014;213;31;3;8;1;5;6707.0;5369.0;40389.0;1.0;0.0;0.0;1.0;7103
2014-08-02;2014;214;31;3;8;2;6;7103.0;5978.0;30984.0;1.0;0.0;0.0;1.0;5445
2014-08-03;2014;215;31;3;8;3;7;5445.0;4731.0;27682.0;1.0;0.0;0.0;1.0;4870
2014-08-04;2014;216;32;3;8;4;1;4870.0;10510.0;44435.0;1.0;0.0;0.0;1.0;7803
2014-08-05;2014;217;32;3;8;5;2;7803.0;7812.0;43327.0;1.0;0.0;0.0;1.0;7697
2014-08-06;2014;218;32;3;8;6;3;7697.0;8475.0;45438.0;1.0;0.0;0.0;1.0;8159
2014-08-07;2014;219;32;3;8;7;4;8159.0;9317.0;48003.0;1.0;0.0;0.0;1.0;7988
2014-08-08;2014;220;32;3;8;8;5;7988.0;11372.0;45668.0;1.0;0.0;0.0;1.0;8025
2014-08-09;2014;221;32;3;8;9;6;8025.0;12406.0;41553.0;1.0;0.0;0.0;1.0;7484
2014-08-10;2014;222;32;3;8;10;7;7484.0;8866.0;36534.0;1.0;0.0;0.0;1.0;6082
2014-08-11;2014;223;33;3;8;11;1;6082.0;11664.0;56758.0;1.0;0.0;0.0;1.0;9716
2014-08-12;2014;224;33;3;8;12;2;9716.0;11940.0;59441.0;1.0;0.0;0.0;1.0;9713
2014-08-13;2014;225;33;3;8;13;3;9713.0;7678.0;59628.0;1.0;0.0;0.0;1.0;9795
2014-08-14;2014;226;33;3;8;14;4;9795.0;11193.0;58021.0;1.0;0.0;0.0;1.0;9862
2014-08-15;2014;227;33;3;8;15;5;9862.0;6268.0;36794.0;1.0;0.0;0.0;1.0;5865
2014-08-16;2014;228;33;3;8;16;6;5865.0;7485.0;40767.0;1.0;0.0;0.0;1.0;6790
2014-08-17;2014;229;33;3;8;17;7;6790.0;9242.0;35043.0;1.0;0.0;0.0;1.0;5647
2014-08-18;2014;230;34;3;8;18;1;5647.0;11408.0;48873.0;1.0;0.0;0.0;1.0;7818
2014-08-19;2014;231;34;3;8;19;2;7818.0;4734.0;38698.0;1.0;0.0;0.0;1.0;6783
2014-08-20;2014;232;34;3;8;20;3;6783.0;6354.0;38345.0;1.0;0.0;0.0;1.0;6716
2014-08-21;2014;233;34;3;8;21;4;6716.0;7243.0;38500.0;1.0;0.0;0.0;1.0;6523
2014-08-22;2014;234;34;3;8;22;5;6523.0;7636.0;33885.0;1.0;0.0;0.0;1.0;6148
2014-08-23;2014;235;34;3;8;23;6;6148.0;7576.0;31231.0;1.0;0.0;0.0;1.0;5077
2014-08-24;2014;236;34;3;8;24;7;5077.0;4602.0;21417.0;1.0;0.0;0.0;1.0;3803
2014-08-25;2014;237;35;3;8;25;1;3803.0;8410.0;25223.0;1.0;0.0;1.0;2.0;4303
2014-08-26;2014;238;35;3;8;26;2;4303.0;5530.0;31032.0;1.0;0.0;0.0;1.0;5640
2014-08-27;2014;239;35;3;8;27;3;5640.0;5261.0;31130.0;1.0;0.0;0.0;1.0;5450
2014-08-28;2014;240;35;3;8;28;4;5450.0;5129.0;30515.0;1.0;0.0;0.0;1.0;5374
2014-08-29;2014;241;35;3;8;29;5;5374.0;7092.0;36489.0;1.0;0.0;0.0;1.0;5481
2014-08-30;2014;242;35;3;8;30;6;5481.0;4062.0;20696.0;0.0;0.0;0.0;0.0;3469
2014-08-31;2014;243;35;3;8;31;7;3469.0;2918.0;17465.0;0.0;0.0;0.0;0.0;2858
2014-09-01;2014;244;36;3;9;1;1;2858.0;3587.0;31878.0;0.0;0.0;0.0;0.0;5387
2014-09-02;2014;245;36;3;9;2;2;5387.0;4757.0;28496.0;0.0;0.0;0.0;0.0;5157
2014-09-03;2014;246;36;3;9;3;3;5157.0;3505.0;30028.0;0.0;0.0;0.0;0.0;5053
2014-09-04;2014;247;36;3;9;4;4;5053.0;4057.0;33817.0;0.0;0.0;0.0;0.0;5480
2014-09-05;2014;248;36;3;9;5;5;5480.0;7471.0;31782.0;0.0;0.0;0.0;0.0;5699
2014-09-06;2014;249;36;3;9;6;6;5699.0;5731.0;26236.0;0.0;0.0;0.0;0.0;4374
2014-09-07;2014;250;36;3;9;7;7;4374.0;2784.0;18076.0;0.0;0.0;0.0;0.0;2896
2014-09-08;2014;251;37;3;9;8;1;2896.0;3454.0;30075.0;0.0;0.0;0.0;0.0;5286
2014-09-09;2014;252;37;3;9;9;2;5286.0;5661.0;29640.0;0.0;0.0;0.0;0.0;5106
2014-09-10;2014;253;37;3;9;10;3;5106.0;5589.0;30838.0;0.0;0.0;0.0;0.0;5330
2014-09-11;2014;254;37;3;9;11;4;5330.0;5394.0;31020.0;0.0;0.0;0.0;0.0;5326
2014-09-12;2014;255;37;3;9;12;5;5326.0;5480.0;29285.0;0.0;0.0;0.0;0.0;5290
2014-09-13;2014;256;37;3;9;13;6;5290.0;4288.0;22644.0;0.0;0.0;0.0;0.0;3886
2014-09-14;2014;257;37;3;9;14;7;3886.0;2647.0;15262.0;0.0;0.0;0.0;0.0;2828
2014-09-15;2014;258;38;3;9;15;1;2828.0;5389.0;29890.0;0.0;0.0;0.0;0.0;5207
2014-09-16;2014;259;38;3;9;16;2;5207.0;3330.0;30158.0;0.0;0.0;0.0;0.0;4855
2014-09-17;2014;260;38;3;9;17;3;4855.0;3530.0;28494.0;0.0;0.0;0.0;0.0;5125
2014-09-18;2014;261;38;3;9;18;4;5125.0;3618.0;27807.0;0.0;0.0;0.0;0.0;4999
2014-09-19;2014;262;38;3;9;19;5;4999.0;3734.0;30574.0;0.0;0.0;0.0;0.0;5030
2014-09-20;2014;263;38;3;9;20;6;5030.0;4597.0;22574.0;0.0;0.0;0.0;0.0;3858
2014-09-21;2014;264;38;3;9;21;7;3858.0;3842.0;17099.0;0.0;0.0;0.0;0.0;2982
2014-09-22;2014;265;39;3;9;22;1;2982.0;4490.0;30239.0;0.0;0.0;0.0;0.0;5098
2014-09-23;2014;266;39;3;9;23;2;5098.0;4150.0;26653.0;0.0;0.0;0.0;0.0;4878
2014-09-24;2014;267;39;3;9;24;3;4878.0;3448.0;31506.0;0.0;0.0;0.0;0.0;4987
2014-09-25;2014;268;39;3;9;25;4;4987.0;3763.0;28063.0;0.0;0.0;0.0;0.0;4823
2014-09-26;2014;269;39;3;9;26;5;4823.0;5949.0;26847.0;0.0;0.0;0.0;0.0;4747
2014-09-27;2014;270;39;3;9;27;6;4747.0;4052.0;20311.0;0.0;0.0;0.0;0.0;3636
2014-09-28;2014;271;39;3;9;28;7;3636.0;2145.0;14797.0;0.0;0.0;0.0;0.0;2588
2014-09-29;2014;272;40;3;9;29;1;2588.0;3776.0;26698.0;0.0;0.0;0.0;0.0;4560
2014-09-30;2014;273;40;3;9;30;2;4560.0;3181.0;25527.0;0.0;0.0;0.0;0.0;4289
2014-10-01;2014;274;40;4;10;1;3;4289.0;2995.0;25828.0;0.0;0.0;0.0;0.0;4561
2014-10-02;2014;275;40;4;10;2;4;4561.0;3190.0;28140.0;0.0;0.0;0.0;0.0;4489
2014-10-03;2014;276;40;4;10;3;5;4489.0;3690.0;26754.0;0.0;0.0;0.0;0.0;4597
2014-10-04;2014;277;40;4;10;4;6;4597.0;4576.0;18774.0;0.0;0.0;0.0;0.0;3369
2014-10-05;2014;278;40;4;10;5;7;3369.0;2203.0;14287.0;0.0;0.0;0.0;0.0;2438
2014-10-06;2014;279;41;4;10;6;1;2438.0;3621.0;23719.0;0.0;0.0;0.0;0.0;4317
2014-10-07;2014;280;41;4;10;7;2;4317.0;3435.0;24559.0;0.0;0.0;0.0;0.0;4231
2014-10-08;2014;281;41;4;10;8;3;4231.0;4880.0;25710.0;0.0;0.0;0.0;0.0;4799
2014-10-09;2014;282;41;4;10;9;4;4799.0;5403.0;22192.0;0.0;0.0;0.0;0.0;4343
2014-10-10;2014;283;41;4;10;10;5;4343.0;3777.0;27779.0;0.0;0.0;0.0;0.0;4544
2014-10-11;2014;284;41;4;10;11;6;4544.0;3624.0;20340.0;0.0;0.0;0.0;0.0;3449
2014-10-12;2014;285;41;4;10;12;7;3449.0;2392.0;15022.0;0.0;0.0;0.0;0.0;2339
2014-10-13;2014;286;42;4;10;13;1;2339.0;2763.0;26469.0;0.0;0.0;0.0;0.0;4395
2014-10-14;2014;287;42;4;10;14;2;4395.0;3653.0;24638.0;0.0;0.0;0.0;0.0;4131
2014-10-15;2014;288;42;4;10;15;3;4131.0;3368.0;24914.0;0.0;0.0;0.0;0.0;4220
2014-10-16;2014;289;42;4;10;16;4;4220.0;3711.0;23240.0;0.0;0.0;0.0;0.0;3990
2014-10-17;2014;290;42;4;10;17;5;3990.0;3951.0;22293.0;0.0;0.0;0.0;0.0;3863
2014-10-18;2014;291;42;4;10;18;6;3863.0;3059.0;16015.0;0.0;0.0;0.0;0.0;2793
2014-10-19;2014;292;42;4;10;19;7;2793.0;2132.0;11974.0;0.0;0.0;0.0;0.0;2115
2014-10-20;2014;293;43;4;10;20;1;2115.0;3985.0;23232.0;0.0;0.0;0.0;0.0;4009
2014-10-21;2014;294;43;4;10;21;2;4009.0;3236.0;23331.0;0.0;0.0;0.0;0.0;3813
2014-10-22;2014;295;43;4;10;22;3;3813.0;2868.0;21651.0;0.0;0.0;0.0;0.0;3751
2014-10-23;2014;296;43;4;10;23;4;3751.0;2983.0;20639.0;0.0;0.0;0.0;0.0;3733
2014-10-24;2014;297;43;4;10;24;5;3733.0;1831.0;22691.0;0.0;0.0;0.0;0.0;3686
2014-10-25;2014;298;43;4;10;25;6;3686.0;2981.0;14634.0;0.0;0.0;0.0;0.0;2524
2014-10-26;2014;299;43;4;10;26;7;2524.0;1794.0;8611.0;0.0;0.0;1.0;1.0;1372
2014-10-27;2014;300;44;4;10;27;1;1372.0;3006.0;20552.0;0.0;0.0;0.0;0.0;3531
2014-10-28;2014;301;44;4;10;28;2;3531.0;3015.0;18193.0;0.0;0.0;0.0;0.0;3303
2014-10-29;2014;302;44;4;10;29;3;3303.0;2836.0;19212.0;0.0;0.0;0.0;0.0;3378
2014-10-30;2014;303;44;4;10;30;4;3378.0;2912.0;21579.0;0.0;0.0;0.0;0.0;3565
2014-10-31;2014;304;44;4;10;31;5;3565.0;4559.0;13011.0;0.0;0.0;1.0;1.0;2522
2014-11-01;2014;305;44;4;11;1;6;2522.0;4789.0;13630.0;0.0;0.0;0.0;0.0;2344
2014-11-02;2014;306;44;4;11;2;7;2344.0;1746.0;10480.0;0.0;0.0;0.0;0.0;1803
2014-11-03;2014;307;45;4;11;3;1;1803.0;2286.0;20241.0;0.0;0.0;0.0;0.0;3505
2014-11-04;2014;308;45;4;11;4;2;3505.0;3073.0;19844.0;0.0;0.0;0.0;0.0;3237
2014-11-05;2014;309;45;4;11;5;3;3237.0;3224.0;14078.0;0.0;0.0;1.0;1.0;2344
2014-11-06;2014;310;45;4;11;6;4;2344.0;3139.0;20837.0;0.0;0.0;0.0;0.0;3457
2014-11-07;2014;311;45;4;11;7;5;3457.0;4297.0;20274.0;0.0;0.0;0.0;0.0;3492
2014-11-08;2014;312;45;4;11;8;6;3492.0;2361.0;13714.0;0.0;0.0;0.0;0.0;2306
2014-11-09;2014;313;45;4;11;9;7;2306.0;2125.0;7668.0;0.0;0.0;1.0;1.0;1257
2014-11-10;2014;314;46;4;11;10;1;1257.0;3469.0;20730.0;0.0;0.0;0.0;0.0;3558
2014-11-11;2014;315;46;4;11;11;2;3558.0;2318.0;18069.0;0.0;0.0;0.0;0.0;3200
2014-11-12;2014;316;46;4;11;12;3;3200.0;2483.0;19798.0;0.0;0.0;0.0;0.0;3301
2014-11-13;2014;317;46;4;11;13;4;3301.0;2817.0;19629.0;0.0;0.0;0.0;0.0;3315
2014-11-14;2014;318;46;4;11;14;5;3315.0;3718.0;19030.0;0.0;0.0;0.0;0.0;3255
2014-11-15;2014;319;46;4;11;15;6;3255.0;2718.0;13874.0;0.0;0.0;0.0;0.0;2320
2014-11-16;2014;320;46;4;11;16;7;2320.0;1706.0;8629.0;0.0;0.0;0.0;0.0;1490
2014-11-17;2014;321;47;4;11;17;1;1490.0;2960.0;21096.0;0.0;0.0;0.0;0.0;3403
2014-11-18;2014;322;47;4;11;18;2;3403.0;3093.0;22106.0;0.0;0.0;0.0;0.0;3603
2014-11-19;2014;323;47;4;11;19;3;3603.0;2230.0;19909.0;0.0;0.0;0.0;0.0;3286
2014-11-20;2014;324;47;4;11;20;4;3286.0;3563.0;18423.0;0.0;0.0;0.0;0.0;3380
2014-11-21;2014;325;47;4;11;21;5;3380.0;3223.0;16152.0;0.0;0.0;0.0;0.0;3014
2014-11-22;2014;326;47;4;11;22;6;3014.0;3480.0;13142.0;0.0;0.0;0.0;0.0;2115
2014-11-23;2014;327;47;4;11;23;7;2115.0;1865.0;9022.0;0.0;0.0;0.0;0.0;1652
2014-11-24;2014;328;48;4;11;24;1;1652.0;1923.0;20860.0;0.0;0.0;0.0;0.0;3458
2014-11-25;2014;329;48;4;11;25;2;3458.0;3014.0;19865.0;0.0;0.0;0.0;0.0;3438
2014-11-26;2014;330;48;4;11;26;3;3438.0;3231.0;20472.0;0.0;0.0;0.0;0.0;3556
2014-11-27;2014;331;48;4;11;27;4;3556.0;3119.0;22120.0;0.0;0.0;0.0;0.0;3718
2014-11-28;2014;332;48;4;11;28;5;3718.0;2848.0;20857.0;0.0;0.0;0.0;0.0;3617
2014-11-29;2014;333;48;4;11;29;6;3617.0;2464.0;13426.0;0.0;0.0;0.0;0.0;2309
2014-11-30;2014;334;48;4;11;30;7;2309.0;1876.0;10465.0;0.0;0.0;0.0;0.0;1795
2014-12-01;2014;335;49;4;12;1;1;1795.0;3400.0;25810.0;0.0;0.0;0.0;0.0;4380
2014-12-02;2014;336;49;4;12;2;2;4380.0;3024.0;20989.0;0.0;0.0;0.0;0.0;3706
2014-12-03;2014;337;49;4;12;3;3;3706.0;3765.0;22571.0;0.0;0.0;0.0;0.0;4083
2014-12-04;2014;338;49;4;12;4;4;4083.0;2950.0;21310.0;0.0;0.0;0.0;0.0;3877
2014-12-05;2014;339;49;4;12;5;5;3877.0;4839.0;24787.0;0.0;0.0;0.0;0.0;4175
2014-12-06;2014;340;49;4;12;6;6;4175.0;3132.0;17686.0;0.0;0.0;0.0;0.0;3138
2014-12-07;2014;341;49;4;12;7;7;3138.0;1885.0;11617.0;0.0;0.0;0.0;0.0;2046
2014-12-08;2014;342;50;4;12;8;1;2046.0;2265.0;11194.0;0.0;0.0;0.0;0.0;2007
2014-12-09;2014;343;50;4;12;9;2;2007.0;2740.0;19826.0;0.0;0.0;0.0;0.0;3525
2014-12-10;2014;344;50;4;12;10;3;3525.0;2635.0;20296.0;0.0;0.0;0.0;0.0;3368
2014-12-11;2014;345;50;4;12;11;4;3368.0;3384.0;21990.0;0.0;0.0;0.0;0.0;3604
2014-12-12;2014;346;50;4;12;12;5;3604.0;2981.0;21941.0;0.0;0.0;0.0;0.0;3677
2014-12-13;2014;347;50;4;12;13;6;3677.0;2908.0;15487.0;0.0;0.0;0.0;0.0;2534
2014-12-14;2014;348;50;4;12;14;7;2534.0;2087.0;10614.0;0.0;0.0;0.0;0.0;1799
2014-12-15;2014;349;51;4;12;15;1;1799.0;4680.0;19984.0;0.0;0.0;0.0;0.0;3575
2014-12-16;2014;350;51;4;12;16;2;3575.0;2427.0;18501.0;0.0;0.0;0.0;0.0;3206
2014-12-17;2014;351;51;4;12;17;3;3206.0;2601.0;18315.0;0.0;0.0;0.0;0.0;3109
2014-12-18;2014;352;51;4;12;18;4;3109.0;3463.0;19873.0;0.0;0.0;0.0;0.0;3196
2014-12-19;2014;353;51;4;12;19;5;3196.0;3164.0;17983.0;0.0;0.0;0.0;0.0;3179
2014-12-20;2014;354;51;4;12;20;6;3179.0;2774.0;12986.0;0.0;0.0;0.0;0.0;2283
2014-12-21;2014;355;51;4;12;21;7;2283.0;1381.0;11399.0;0.0;0.0;0.0;0.0;1967
2014-12-22;2014;356;52;4;12;22;1;1967.0;5035.0;23745.0;0.0;1.0;0.0;1.0;4095
2014-12-23;2014;357;52;4;12;23;2;4095.0;3755.0;24260.0;0.0;1.0;0.0;1.0;3926
2014-12-24;2014;358;52;4;12;24;3;3926.0;4520.0;21111.0;0.0;1.0;0.0;1.0;3299
2014-12-25;2014;359;52;4;12;25;4;3299.0;2197.0;8493.0;0.0;1.0;1.0;2.0;1435
2014-12-26;2014;360;52;4;12;26;5;1435.0;5151.0;14199.0;0.0;1.0;1.0;2.0;2612
2014-12-27;2014;361;52;4;12;27;6;2612.0;7511.0;24389.0;0.0;1.0;0.0;1.0;4495
2014-12-28;2014;362;52;4;12;28;7;4495.0;6418.0;23448.0;0.0;1.0;0.0;1.0;4083
2014-12-29;2014;363;1;4;12;29;1;4083.0;3598.0;33729.0;0.0;1.0;0.0;1.0;5921
2014-12-30;2014;364;1;4;12;30;2;5921.0;3654.0;33409.0;0.0;1.0;0.0;1.0;5910
2014-12-31;2014;365;1;4;12;31;3;5910.0;4418.0;31580.0;0.0;1.0;0.0;1.0;4757
2015-01-01;2015;1;1;1;1;1;4;4757.0;2421.0;11157.0;0.0;1.0;1.0;2.0;1915
2015-01-02;2015;2;1;1;1;2;5;1915.0;5857.0;26423.0;0.0;1.0;0.0;1.0;4410
2015-01-03;2015;3;1;1;1;3;6;4410.0;4425.0;15957.0;0.0;0.0;0.0;0.0;2853
2015-01-04;2015;4;1;1;1;4;7;2853.0;2614.0;11371.0;0.0;0.0;0.0;0.0;1995
2015-01-05;2015;5;2;1;1;5;1;1995.0;2885.0;16653.0;0.0;0.0;0.0;0.0;2948
2015-01-06;2015;6;2;1;1;6;2;2948.0;2160.0;11158.0;0.0;0.0;0.0;0.0;1817
2015-01-07;2015;7;2;1;1;7;3;1817.0;2767.0;19209.0;0.0;0.0;0.0;0.0;3263
2015-01-08;2015;8;2;1;1;8;4;3263.0;2711.0;16695.0;0.0;0.0;0.0;0.0;2872
2015-01-09;2015;9;2;1;1;9;5;2872.0;2551.0;18707.0;0.0;0.0;0.0;0.0;3214
2015-01-10;2015;10;2;1;1;10;6;3214.0;2505.0;14272.0;0.0;0.0;0.0;0.0;2475
2015-01-11;2015;11;2;1;1;11;7;2475.0;1419.0;9816.0;0.0;0.0;0.0;0.0;1607
2015-01-12;2015;12;3;1;1;12;1;1607.0;2621.0;19963.0;0.0;0.0;0.0;0.0;3427
2015-01-13;2015;13;3;1;1;13;2;3427.0;2746.0;18570.0;0.0;0.0;0.0;0.0;3139
2015-01-14;2015;14;3;1;1;14;3;3139.0;2642.0;19691.0;0.0;0.0;0.0;0.0;3319
2015-01-15;2015;15;3;1;1;15;4;3319.0;2895.0;20498.0;0.0;0.0;0.0;0.0;3366
2015-01-16;2015;16;3;1;1;16;5;3366.0;3461.0;20231.0;0.0;0.0;0.0;0.0;3483
2015-01-17;2015;17;3;1;1;17;6;3483.0;2306.0;12684.0;0.0;0.0;0.0;0.0;2193
2015-01-18;2015;18;3;1;1;18;7;2193.0;1498.0;9510.0;0.0;0.0;0.0;0.0;1671
2015-01-19;2015;19;4;1;1;19;1;1671.0;2440.0;20893.0;0.0;0.0;0.0;0.0;3821
2015-01-20;2015;20;4;1;1;20;2;3821.0;4385.0;23874.0;0.0;0.0;0.0;0.0;4319
2015-01-21;2015;21;4;1;1;21;3;4319.0;3628.0;20367.0;0.0;0.0;0.0;0.0;3390
2015-01-22;2015;22;4;1;1;22;4;3390.0;3178.0;19560.0;0.0;0.0;0.0;0.0;3515
2015-01-23;2015;23;4;1;1;23;5;3515.0;3369.0;19326.0;0.0;0.0;0.0;0.0;3150
2015-01-24;2015;24;4;1;1;24;6;3150.0;2546.0;13896.0;0.0;0.0;0.0;0.0;2180
2015-01-25;2015;25;4;1;1;25;7;2180.0;1653.0;9530.0;0.0;0.0;0.0;0.0;1715
2015-01-26;2015;26;5;1;1;26;1;1715.0;2608.0;23807.0;0.0;0.0;0.0;0.0;4024
2015-01-27;2015;27;5;1;1;27;2;4024.0;3172.0;21480.0;0.0;0.0;0.0;0.0;3500
2015-01-28;2015;28;5;1;1;28;3;3500.0;3103.0;20318.0;0.0;0.0;0.0;0.0;3441
2015-01-29;2015;29;5;1;1;29;4;3441.0;4052.0;19521.0;0.0;0.0;0.0;0.0;3427
2015-01-30;2015;30;5;1;1;30;5;3427.0;3193.0;19962.0;0.0;0.0;0.0;0.0;3336
2015-01-31;2015;31;5;1;1;31;6;3336.0;2540.0;12492.0;0.0;0.0;0.0;0.0;2109
2015-02-01;2015;32;5;1;2;1;7;2109.0;1267.0;8950.0;0.0;0.0;0.0;0.0;1674
2015-02-02;2015;33;6;1;2;2;1;1674.0;3334.0;21629.0;0.0;0.0;0.0;0.0;3596
2015-02-03;2015;34;6;1;2;3;2;3596.0;3010.0;20076.0;0.0;0.0;0.0;0.0;3404
2015-02-04;2015;35;6;1;2;4;3;3404.0;2874.0;21718.0;0.0;0.0;0.0;0.0;3602
2015-02-05;2015;36;6;1;2;5;4;3602.0;2514.0;19945.0;0.0;0.0;0.0;0.0;3578
2015-02-06;2015;37;6;1;2;6;5;3578.0;3556.0;23235.0;0.0;0.0;0.0;0.0;4074
2015-02-07;2015;38;6;1;2;7;6;4074.0;2539.0;15402.0;0.0;0.0;0.0;0.0;2519
2015-02-08;2015;39;6;1;2;8;7;2519.0;1766.0;10925.0;0.0;0.0;0.0;0.0;1864
2015-02-09;2015;40;7;1;2;9;1;1864.0;3794.0;22020.0;0.0;0.0;0.0;0.0;3960
2015-02-10;2015;41;7;1;2;10;2;3960.0;2133.0;23131.0;0.0;0.0;0.0;0.0;3720
2015-02-11;2015;42;7;1;2;11;3;3720.0;2678.0;21643.0;0.0;0.0;0.0;0.0;3793
2015-02-12;2015;43;7;1;2;12;4;3793.0;3502.0;21319.0;0.0;0.0;0.0;0.0;3814
2015-02-13;2015;44;7;1;2;13;5;3814.0;4291.0;21161.0;0.0;0.0;0.0;0.0;3901
2015-02-14;2015;45;7;1;2;14;6;3901.0;3430.0;15953.0;0.0;0.0;0.0;0.0;2799
2015-02-15;2015;46;7;1;2;15;7;2799.0;1770.0;12052.0;0.0;0.0;0.0;0.0;2049
2015-02-16;2015;47;8;1;2;16;1;2049.0;2626.0;21578.0;0.0;0.0;0.0;0.0;3621
2015-02-17;2015;48;8;1;2;17;2;3621.0;2940.0;21015.0;0.0;0.0;0.0;0.0;3585
2015-02-18;2015;49;8;1;2;18;3;3585.0;3725.0;19702.0;0.0;0.0;0.0;0.0;3473
2015-02-19;2015;50;8;1;2;19;4;3473.0;3924.0;19544.0;0.0;0.0;0.0;0.0;3500
2015-02-20;2015;51;8;1;2;20;5;3500.0;2754.0;20909.0;0.0;0.0;0.0;0.0;3512
2015-02-21;2015;52;8;1;2;21;6;3512.0;2451.0;13919.0;0.0;0.0;0.0;0.0;2425
2015-02-22;2015;53;8;1;2;22;7;2425.0;1636.0;10601.0;0.0;0.0;0.0;0.0;1912
2015-02-23;2015;54;9;1;2;23;1;1912.0;3492.0;22232.0;0.0;0.0;0.0;0.0;3997
2015-02-24;2015;55;9;1;2;24;2;3997.0;3741.0;23248.0;0.0;0.0;0.0;0.0;4103
2015-02-25;2015;56;9;1;2;25;3;4103.0;3993.0;23725.0;0.0;0.0;0.0;0.0;3790
2015-02-26;2015;57;9;1;2;26;4;3790.0;3759.0;21312.0;0.0;0.0;0.0;0.0;3666
2015-02-27;2015;58;9;1;2;27;5;3666.0;4097.0;20834.0;0.0;0.0;0.0;0.0;3434
2015-02-28;2015;59;9;1;2;28;6;3434.0;3249.0;16561.0;0.0;0.0;0.0;0.0;2543
2015-03-01;2015;60;9;1;3;1;7;2543.0;2015.0;11076.0;0.0;0.0;0.0;0.0;1899
2015-03-02;2015;61;10;1;3;2;1;1899.0;2531.0;23030.0;0.0;0.0;0.0;0.0;3987
2015-03-03;2015;62;10;1;3;3;2;3987.0;2476.0;23232.0;0.0;0.0;0.0;0.0;3735
2015-03-04;2015;63;10;1;3;4;3;3735.0;2384.0;22508.0;0.0;0.0;0.0;0.0;3870
2015-03-05;2015;64;10;1;3;5;4;3870.0;3527.0;24321.0;0.0;0.0;0.0;0.0;4063
2015-03-06;2015;65;10;1;3;6;5;4063.0;3288.0;23427.0;0.0;0.0;0.0;0.0;3851
2015-03-07;2015;66;10;1;3;7;6;3851.0;3221.0;14526.0;0.0;0.0;0.0;0.0;2563
2015-03-08;2015;67;10;1;3;8;7;2563.0;2449.0;12267.0;0.0;0.0;0.0;0.0;2044
2015-03-09;2015;68;11;1;3;9;1;2044.0;3152.0;23568.0;0.0;0.0;0.0;0.0;4143
2015-03-10;2015;69;11;1;3;10;2;4143.0;1809.0;23239.0;0.0;0.0;0.0;0.0;4044
2015-03-11;2015;70;11;1;3;11;3;4044.0;3622.0;23477.0;0.0;0.0;0.0;0.0;4070
2015-03-12;2015;71;11;1;3;12;4;4070.0;3957.0;26535.0;0.0;0.0;0.0;0.0;4471
2015-03-13;2015;72;11;1;3;13;5;4471.0;5144.0;23245.0;0.0;0.0;0.0;0.0;3965
2015-03-14;2015;73;11;1;3;14;6;3965.0;2522.0;14906.0;0.0;0.0;0.0;0.0;2752
2015-03-15;2015;74;11;1;3;15;7;2752.0;2507.0;12963.0;0.0;0.0;0.0;0.0;2203
2015-03-16;2015;75;12;1;3;16;1;2203.0;4044.0;25592.0;0.0;0.0;0.0;0.0;4622
2015-03-17;2015;76;12;1;3;17;2;4622.0;3888.0;24507.0;0.0;0.0;0.0;0.0;4265
2015-03-18;2015;77;12;1;3;18;3;4265.0;3025.0;23035.0;0.0;0.0;0.0;0.0;4137
2015-03-19;2015;78;12;1;3;19;4;4137.0;4620.0;25029.0;0.0;0.0;0.0;0.0;4208
2015-03-20;2015;79;12;1;3;20;5;4208.0;4693.0;26375.0;0.0;0.0;0.0;0.0;4382
2015-03-21;2015;80;12;1;3;21;6;4382.0;5319.0;18979.0;0.0;0.0;0.0;0.0;3273
2015-03-22;2015;81;12;1;3;22;7;3273.0;3152.0;14091.0;0.0;0.0;0.0;0.0;2451
2015-03-23;2015;82;13;1;3;23;1;2451.0;5160.0;28515.0;0.0;0.0;0.0;0.0;4720
2015-03-24;2015;83;13;1;3;24;2;4720.0;3679.0;25894.0;0.0;0.0;0.0;0.0;4435
2015-03-25;2015;84;13;1;3;25;3;4435.0;3767.0;26974.0;0.0;0.0;0.0;0.0;4759
2015-03-26;2015;85;13;1;3;26;4;4759.0;4115.0;24678.0;0.0;0.0;0.0;0.0;4348
2015-03-27;2015;86;13;1;3;27;5;4348.0;4599.0;26413.0;0.0;0.0;0.0;0.0;4521
2015-03-28;2015;87;13;1;3;28;6;4521.0;4296.0;18802.0;0.0;0.0;0.0;0.0;3331
2015-03-29;2015;88;13;1;3;29;7;3331.0;2576.0;11005.0;0.0;0.0;1.0;1.0;1774
2015-03-30;2015;89;14;1;3;30;1;1774.0;5213.0;28714.0;0.0;0.0;0.0;0.0;5503
2015-03-31;2015;90;14;1;3;31;2;5503.0;3897.0;32786.0;0.0;0.0;0.0;0.0;5487
2015-04-01;2015;91;14;2;4;1;3;5487.0;5487.0;34881.0;0.0;0.0;0.0;0.0;5871
2015-04-02;2015;92;14;2;4;2;4;5871.0;3198.0;36723.0;0.0;0.0;0.0;0.0;6228
2015-04-03;2015;93;14;2;4;3;5;6228.0;7843.0;23899.0;0.0;0.0;1.0;1.0;4174
2015-04-04;2015;94;14;2;4;4;6;4174.0;4760.0;26600.0;0.0;0.0;0.0;0.0;4609
2015-04-05;2015;95;14;2;4;5;7;4609.0;2735.0;17479.0;0.0;0.0;0.0;0.0;2946
2015-04-06;2015;96;15;2;4;6;1;2946.0;3012.0;11982.0;0.0;0.0;1.0;1.0;2191
2015-04-07;2015;97;15;2;4;7;2;2191.0;3762.0;33173.0;0.0;0.0;0.0;0.0;5855
2015-04-08;2015;98;15;2;4;8;3;5855.0;3291.0;31837.0;0.0;0.0;0.0;0.0;5595
2015-04-09;2015;99;15;2;4;9;4;5595.0;3719.0;34039.0;0.0;0.0;0.0;0.0;5668
2015-04-10;2015;100;15;2;4;10;5;5668.0;6479.0;32424.0;0.0;0.0;0.0;0.0;5618
2015-04-11;2015;101;15;2;4;11;6;5618.0;2637.0;20905.0;0.0;0.0;0.0;0.0;3721
2015-04-12;2015;102;15;2;4;12;7;3721.0;2780.0;16061.0;0.0;0.0;0.0;0.0;2875
2015-04-13;2015;103;16;2;4;13;1;2875.0;5991.0;33486.0;0.0;0.0;0.0;0.0;6191
2015-04-14;2015;104;16;2;4;14;2;6191.0;5152.0;32171.0;0.0;0.0;0.0;0.0;5842
2015-04-15;2015;105;16;2;4;15;3;5842.0;3994.0;34979.0;0.0;0.0;0.0;0.0;6024
2015-04-16;2015;106;16;2;4;16;4;6024.0;5126.0;37633.0;0.0;0.0;0.0;0.0;5860
2015-04-17;2015;107;16;2;4;17;5;5860.0;5440.0;36674.0;0.0;0.0;0.0;0.0;6085
2015-04-18;2015;108;16;2;4;18;6;6085.0;4902.0;25078.0;0.0;0.0;0.0;0.0;4380
2015-04-19;2015;109;16;2;4;19;7;4380.0;2658.0;18133.0;0.0;0.0;0.0;0.0;3060
2015-04-20;2015;110;17;2;4;20;1;3060.0;4472.0;34542.0;0.0;0.0;0.0;0.0;6132
2015-04-21;2015;111;17;2;4;21;2;6132.0;4248.0;34886.0;0.0;0.0;0.0;0.0;5923
2015-04-22;2015;112;17;2;4;22;3;5923.0;4654.0;35204.0;0.0;0.0;0.0;0.0;6110
2015-04-23;2015;113;17;2;4;23;4;6110.0;6507.0;25383.0;0.0;0.0;1.0;1.0;4366
2015-04-24;2015;114;17;2;4;24;5;4366.0;3572.0;36671.0;0.0;0.0;0.0;0.0;6101
2015-04-25;2015;115;17;2;4;25;6;6101.0;6484.0;23419.0;0.0;0.0;0.0;0.0;4088
2015-04-26;2015;116;17;2;4;26;7;4088.0;2423.0;20190.0;0.0;0.0;0.0;0.0;3474
2015-04-27;2015;117;18;2;4;27;1;3474.0;5662.0;43686.0;0.0;0.0;0.0;0.0;7270
2015-04-28;2015;118;18;2;4;28;2;7270.0;5556.0;44485.0;0.0;0.0;0.0;0.0;6953
2015-04-29;2015;119;18;2;4;29;3;6953.0;6538.0;41533.0;0.0;0.0;0.0;0.0;7149
2015-04-30;2015;120;18;2;4;30;4;7149.0;6116.0;45366.0;0.0;0.0;0.0;0.0;7915
2015-05-01;2015;121;18;2;5;1;5;7915.0;6636.0;37185.0;0.0;0.0;0.0;0.0;5909
2015-05-02;2015;122;18;2;5;2;6;5909.0;3558.0;30197.0;0.0;0.0;0.0;0.0;5253
2015-05-03;2015;123;18;2;5;3;7;5253.0;4591.0;21440.0;0.0;0.0;0.0;0.0;3650
2015-05-04;2015;124;19;2;5;4;1;3650.0;7410.0;30318.0;0.0;0.0;1.0;1.0;5188
2015-05-05;2015;125;19;2;5;5;2;5188.0;4777.0;39411.0;0.0;0.0;0.0;0.0;6348
2015-05-06;2015;126;19;2;5;6;3;6348.0;4582.0;36833.0;0.0;0.0;0.0;0.0;6425
2015-05-07;2015;127;19;2;5;7;4;6425.0;4752.0;42697.0;0.0;0.0;0.0;0.0;7397
2015-05-08;2015;128;19;2;5;8;5;7397.0;7415.0;29835.0;0.0;0.0;1.0;1.0;4862
2015-05-09;2015;129;19;2;5;9;6;4862.0;3324.0;29097.0;0.0;0.0;0.0;0.0;5043
2015-05-10;2015;130;19;2;5;10;7;5043.0;4167.0;20712.0;0.0;0.0;0.0;0.0;3511
2015-05-11;2015;131;20;2;5;11;1;3511.0;5846.0;40902.0;0.0;0.0;0.0;0.0;7210
2015-05-12;2015;132;20;2;5;12;2;7210.0;4669.0;43763.0;0.0;0.0;0.0;0.0;7132
2015-05-13;2015;133;20;2;5;13;3;7132.0;4247.0;42630.0;0.0;0.0;0.0;0.0;7442
2015-05-14;2015;134;20;2;5;14;4;7442.0;5716.0;42335.0;0.0;0.0;0.0;0.0;7232
2015-05-15;2015;135;20;2;5;15;5;7232.0;6191.0;44127.0;0.0;0.0;0.0;0.0;7336
2015-05-16;2015;136;20;2;5;16;6;7336.0;5461.0;29888.0;0.0;0.0;0.0;0.0;5175
2015-05-17;2015;137;20;2;5;17;7;5175.0;4267.0;24397.0;0.0;0.0;0.0;0.0;3919
2015-05-18;2015;138;21;2;5;18;1;3919.0;4178.0;44404.0;0.0;0.0;0.0;0.0;7262
2015-05-19;2015;139;21;2;5;19;2;7262.0;6205.0;41188.0;0.0;0.0;0.0;0.0;7120
2015-05-20;2015;140;21;2;5;20;3;7120.0;6961.0;39975.0;0.0;0.0;0.0;0.0;7068
2015-05-21;2015;141;21;2;5;21;4;7068.0;5650.0;44998.0;0.0;0.0;0.0;0.0;7480
2015-05-22;2015;142;21;2;5;22;5;7480.0;6478.0;45748.0;0.0;0.0;0.0;0.0;7302
2015-05-23;2015;143;21;2;5;23;6;7302.0;5813.0;32004.0;0.0;0.0;0.0;0.0;5627
2015-05-24;2015;144;21;2;5;24;7;5627.0;3293.0;23311.0;0.0;0.0;0.0;0.0;4003
2015-05-25;2015;145;22;2;5;25;1;4003.0;3522.0;31034.0;0.0;0.0;1.0;1.0;5292
2015-05-26;2015;146;22;2;5;26;2;5292.0;6539.0;43349.0;0.0;0.0;0.0;0.0;7375
2015-05-27;2015;147;22;2;5;27;3;7375.0;7077.0;47112.0;0.0;0.0;0.0;0.0;7851
2015-05-28;2015;148;22;2;5;28;4;7851.0;6944.0;45769.0;0.0;0.0;0.0;0.0;7667
2015-05-29;2015;149;22;2;5;29;5;7667.0;7247.0;45059.0;0.0;0.0;0.0;0.0;8015
2015-05-30;2015;150;22;2;5;30;6;8015.0;6243.0;33400.0;0.0;0.0;0.0;0.0;5989
2015-05-31;2015;151;22;2;5;31;7;5989.0;3991.0;25649.0;0.0;0.0;0.0;0.0;4164
2015-06-01;2015;152;23;2;6;1;1;4164.0;6661.0;36754.0;0.0;0.0;0.0;0.0;6327
2015-06-02;2015;153;23;2;6;2;2;6327.0;3101.0;25440.0;0.0;0.0;0.0;0.0;4384
2015-06-03;2015;154;23;2;6;3;3;4384.0;5726.0;41510.0;0.0;0.0;0.0;0.0;7472
2015-06-04;2015;155;23;2;6;4;4;7472.0;5792.0;40401.0;0.0;0.0;0.0;0.0;6875
2015-06-05;2015;156;23;2;6;5;5;6875.0;7407.0;38067.0;0.0;0.0;0.0;0.0;6774
2015-06-06;2015;157;23;2;6;6;6;6774.0;5324.0;30060.0;0.0;0.0;0.0;0.0;4941
2015-06-07;2015;158;23;2;6;7;7;4941.0;5174.0;22047.0;0.0;0.0;0.0;0.0;3912
2015-06-08;2015;159;24;2;6;8;1;3912.0;5030.0;45476.0;0.0;0.0;0.0;0.0;7349
2015-06-09;2015;160;24;2;6;9;2;7349.0;7083.0;44922.0;0.0;0.0;0.0;0.0;7296
2015-06-10;2015;161;24;2;6;10;3;7296.0;5681.0;43301.0;0.0;0.0;0.0;0.0;7249
2015-06-11;2015;162;24;2;6;11;4;7249.0;8306.0;40036.0;0.0;0.0;0.0;0.0;7112
2015-06-12;2015;163;24;2;6;12;5;7112.0;4524.0;42628.0;0.0;0.0;0.0;0.0;7221
2015-06-13;2015;164;24;2;6;13;6;7221.0;6295.0;31054.0;0.0;0.0;0.0;0.0;5332
2015-06-14;2015;165;24;2;6;14;7;5332.0;4938.0;28133.0;0.0;0.0;0.0;0.0;4410
2015-06-15;2015;166;25;2;6;15;1;4410.0;4368.0;41509.0;0.0;0.0;0.0;0.0;7449
2015-06-16;2015;167;25;2;6;16;2;7449.0;6884.0;41265.0;0.0;0.0;0.0;0.0;7282
2015-06-17;2015;168;25;2;6;17;3;7282.0;4549.0;43382.0;0.0;0.0;0.0;0.0;6984
2015-06-18;2015;169;25;2;6;18;4;6984.0;5905.0;40805.0;0.0;0.0;0.0;0.0;6864
2015-06-19;2015;170;25;2;6;19;5;6864.0;8248.0;39933.0;0.0;0.0;0.0;0.0;6819
2015-06-20;2015;171;25;2;6;20;6;6819.0;8249.0;29589.0;0.0;0.0;0.0;0.0;5469
2015-06-21;2015;172;25;2;6;21;7;5469.0;4183.0;24484.0;0.0;0.0;0.0;0.0;4234
2015-06-22;2015;173;26;2;6;22;1;4234.0;7487.0;43623.0;0.0;0.0;0.0;0.0;7174
2015-06-23;2015;174;26;2;6;23;2;7174.0;7230.0;41896.0;0.0;0.0;0.0;0.0;7041
2015-06-24;2015;175;26;2;6;24;3;7041.0;6375.0;41225.0;0.0;0.0;0.0;0.0;7221
2015-06-25;2015;176;26;2;6;25;4;7221.0;6913.0;43240.0;0.0;0.0;0.0;0.0;7056
2015-06-26;2015;177;26;2;6;26;5;7056.0;5832.0;41749.0;0.0;0.0;0.0;0.0;7123
2015-06-27;2015;178;26;2;6;27;6;7123.0;7170.0;32476.0;0.0;0.0;0.0;0.0;5480
2015-06-28;2015;179;26;2;6;28;7;5480.0;4424.0;25635.0;0.0;0.0;0.0;0.0;4125
2015-06-29;2015;180;27;2;6;29;1;4125.0;6265.0;43408.0;1.0;0.0;0.0;1.0;7427
2015-06-30;2015;181;27;2;6;30;2;7427.0;5603.0;43465.0;1.0;0.0;0.0;1.0;7554
2015-07-01;2015;182;27;3;7;1;3;7554.0;6173.0;42660.0;1.0;0.0;0.0;1.0;7723
2015-07-02;2015;183;27;3;7;2;4;7723.0;7670.0;47127.0;1.0;0.0;0.0;1.0;7800
2015-07-03;2015;184;27;3;7;3;5;7800.0;11777.0;49174.0;1.0;0.0;0.0;1.0;8323
2015-07-04;2015;185;27;3;7;4;6;8323.0;9966.0;35349.0;1.0;0.0;0.0;1.0;6283
2015-07-05;2015;186;27;3;7;5;7;6283.0;7627.0;27938.0;1.0;0.0;0.0;1.0;4919
2015-07-06;2015;187;28;3;7;6;1;4919.0;7733.0;48862.0;1.0;0.0;0.0;1.0;8668
2015-07-07;2015;188;28;3;7;7;2;8668.0;6928.0;45218.0;1.0;0.0;0.0;1.0;8382
2015-07-08;2015;189;28;3;7;8;3;8382.0;6422.0;49761.0;1.0;0.0;0.0;1.0;8369
2015-07-09;2015;190;28;3;7;9;4;8369.0;8278.0;48145.0;1.0;0.0;0.0;1.0;8373
2015-07-10;2015;191;28;3;7;10;5;8373.0;10378.0;51826.0;1.0;0.0;0.0;1.0;8518
2015-07-11;2015;192;28;3;7;11;6;8518.0;10685.0;40027.0;1.0;0.0;0.0;1.0;7057
2015-07-12;2015;193;28;3;7;12;7;7057.0;5704.0;30351.0;1.0;0.0;0.0;1.0;5415
2015-07-13;2015;194;29;3;7;13;1;5415.0;8730.0;51301.0;1.0;0.0;0.0;1.0;9414
2015-07-14;2015;195;29;3;7;14;2;9414.0;7766.0;57096.0;1.0;0.0;0.0;1.0;9201
2015-07-15;2015;196;29;3;7;15;3;9201.0;6090.0;51524.0;1.0;0.0;0.0;1.0;8993
2015-07-16;2015;197;29;3;7;16;4;8993.0;7628.0;54004.0;1.0;0.0;0.0;1.0;9093
2015-07-17;2015;198;29;3;7;17;5;9093.0;9877.0;56362.0;1.0;0.0;0.0;1.0;9420
2015-07-18;2015;199;29;3;7;18;6;9420.0;10871.0;46992.0;1.0;0.0;0.0;1.0;8007
2015-07-19;2015;200;29;3;7;19;7;8007.0;5921.0;36445.0;1.0;0.0;0.0;1.0;6099
2015-07-20;2015;201;30;3;7;20;1;6099.0;9486.0;61461.0;1.0;0.0;0.0;1.0;10071
2015-07-21;2015;202;30;3;7;21;2;10071.0;10880.0;59994.0;1.0;0.0;0.0;1.0;10127
2015-07-22;2015;203;30;3;7;22;3;10127.0;9558.0;58731.0;1.0;0.0;0.0;1.0;9960
2015-07-23;2015;204;30;3;7;23;4;9960.0;6561.0;58022.0;1.0;0.0;0.0;1.0;10152
2015-07-24;2015;205;30;3;7;24;5;10152.0;9384.0;53428.0;1.0;0.0;0.0;1.0;9743
2015-07-25;2015;206;30;3;7;25;6;9743.0;11599.0;49396.0;1.0;0.0;0.0;1.0;8214
2015-07-26;2015;207;30;3;7;26;7;8214.0;5895.0;36997.0;1.0;0.0;0.0;1.0;6262
2015-07-27;2015;208;31;3;7;27;1;6262.0;11644.0;61601.0;1.0;0.0;0.0;1.0;10566
2015-07-28;2015;209;31;3;7;28;2;10566.0;8241.0;61025.0;1.0;0.0;0.0;1.0;10045
2015-07-29;2015;210;31;3;7;29;3;10045.0;10492.0;61645.0;1.0;0.0;0.0;1.0;10698
2015-07-30;2015;211;31;3;7;30;4;10698.0;8014.0;59217.0;1.0;0.0;0.0;1.0;10019
2015-07-31;2015;212;31;3;7;31;5;10019.0;7934.0;57996.0;1.0;0.0;0.0;1.0;9924
2015-08-01;2015;213;31;3;8;1;6;9924.0;11169.0;52454.0;1.0;0.0;0.0;1.0;8596
2015-08-02;2015;214;31;3;8;2;7;8596.0;7518.0;42034.0;1.0;0.0;0.0;1.0;7186
2015-08-03;2015;215;32;3;8;3;1;7186.0;12601.0;70207.0;1.0;0.0;0.0;1.0;12150
2015-08-04;2015;216;32;3;8;4;2;12150.0;13657.0;66494.0;1.0;0.0;0.0;1.0;11582
2015-08-05;2015;217;32;3;8;5;3;11582.0;7860.0;65411.0;1.0;0.0;0.0;1.0;11107
2015-08-06;2015;218;32;3;8;6;4;11107.0;10437.0;64409.0;1.0;0.0;0.0;1.0;10994
2015-08-07;2015;219;32;3;8;7;5;10994.0;10288.0;65826.0;1.0;0.0;0.0;1.0;11653
2015-08-08;2015;220;32;3;8;8;6;11653.0;10501.0;63149.0;1.0;0.0;0.0;1.0;10456
2015-08-09;2015;221;32;3;8;9;7;10456.0;8525.0;47780.0;1.0;0.0;0.0;1.0;8488
2015-08-10;2015;222;33;3;8;10;1;8488.0;11739.0;79727.0;1.0;0.0;0.0;1.0;12864
2015-08-11;2015;223;33;3;8;11;2;12864.0;11794.0;76206.0;1.0;0.0;0.0;1.0;12446
2015-08-12;2015;224;33;3;8;12;3;12446.0;10048.0;69833.0;1.0;0.0;0.0;1.0;11693
2015-08-13;2015;225;33;3;8;13;4;11693.0;10478.0;71637.0;1.0;0.0;0.0;1.0;11547
2015-08-14;2015;226;33;3;8;14;5;11547.0;15993.0;70651.0;1.0;0.0;0.0;1.0;11548
2015-08-15;2015;227;33;3;8;15;6;11548.0;10918.0;47774.0;1.0;0.0;0.0;1.0;7906
2015-08-16;2015;228;33;3;8;16;7;7906.0;8803.0;47351.0;1.0;0.0;0.0;1.0;8121
2015-08-17;2015;229;34;3;8;17;1;8121.0;17681.0;66902.0;1.0;0.0;0.0;1.0;11582
2015-08-18;2015;230;34;3;8;18;2;11582.0;9107.0;63754.0;1.0;0.0;0.0;1.0;10411
2015-08-19;2015;231;34;3;8;19;3;10411.0;11302.0;57891.0;1.0;0.0;0.0;1.0;9999
2015-08-20;2015;232;34;3;8;20;4;9999.0;12540.0;55712.0;1.0;0.0;0.0;1.0;9354
2015-08-21;2015;233;34;3;8;21;5;9354.0;11720.0;59096.0;1.0;0.0;0.0;1.0;9620
2015-08-22;2015;234;34;3;8;22;6;9620.0;8557.0;43250.0;1.0;0.0;0.0;1.0;7413
2015-08-23;2015;235;34;3;8;23;7;7413.0;6861.0;34530.0;1.0;0.0;0.0;1.0;6046
2015-08-24;2015;236;35;3;8;24;1;6046.0;7212.0;52685.0;1.0;0.0;0.0;1.0;9102
2015-08-25;2015;237;35;3;8;25;2;9102.0;11892.0;49253.0;1.0;0.0;0.0;1.0;8431
2015-08-26;2015;238;35;3;8;26;3;8431.0;7260.0;51363.0;1.0;0.0;0.0;1.0;8406
2015-08-27;2015;239;35;3;8;27;4;8406.0;10065.0;47841.0;1.0;0.0;0.0;1.0;8084
2015-08-28;2015;240;35;3;8;28;5;8084.0;11473.0;48434.0;1.0;0.0;0.0;1.0;8107
2015-08-29;2015;241;35;3;8;29;6;8107.0;6100.0;34701.0;1.0;0.0;0.0;1.0;6496
2015-08-30;2015;242;35;3;8;30;7;6496.0;4173.0;25134.0;0.0;0.0;0.0;0.0;4257
2015-08-31;2015;243;36;3;8;31;1;4257.0;6905.0;29768.0;0.0;0.0;1.0;1.0;5200
2015-09-01;2015;244;36;3;9;1;2;5200.0;7031.0;44657.0;0.0;0.0;0.0;0.0;7731
2015-09-02;2015;245;36;3;9;2;3;7731.0;7322.0;43790.0;0.0;0.0;0.0;0.0;7655
2015-09-03;2015;246;36;3;9;3;4;7655.0;8380.0;47985.0;0.0;0.0;0.0;0.0;8202
2015-09-04;2015;247;36;3;9;4;5;8202.0;10047.0;47244.0;0.0;0.0;0.0;0.0;8295
2015-09-05;2015;248;36;3;9;5;6;8295.0;7969.0;38221.0;0.0;0.0;0.0;0.0;6832
2015-09-06;2015;249;36;3;9;6;7;6832.0;5509.0;26464.0;0.0;0.0;0.0;0.0;4634
2015-09-07;2015;250;37;3;9;7;1;4634.0;6426.0;44257.0;0.0;0.0;0.0;0.0;7761
2015-09-08;2015;251;37;3;9;8;2;7761.0;6415.0;45506.0;0.0;0.0;0.0;0.0;7997
2015-09-09;2015;252;37;3;9;9;3;7997.0;6295.0;50596.0;0.0;0.0;0.0;0.0;8506
2015-09-10;2015;253;37;3;9;10;4;8506.0;10120.0;45808.0;0.0;0.0;0.0;0.0;7742
2015-09-11;2015;254;37;3;9;11;5;7742.0;7801.0;48232.0;0.0;0.0;0.0;0.0;7422
2015-09-12;2015;255;37;3;9;12;6;7422.0;6467.0;30997.0;0.0;0.0;0.0;0.0;5431
2015-09-13;2015;256;37;3;9;13;7;5431.0;4858.0;23398.0;0.0;0.0;0.0;0.0;4264
2015-09-14;2015;257;38;3;9;14;1;4264.0;5927.0;41282.0;0.0;0.0;0.0;0.0;7379
2015-09-15;2015;258;38;3;9;15;2;7379.0;6471.0;43464.0;0.0;0.0;0.0;0.0;7392
2015-09-16;2015;259;38;3;9;16;3;7392.0;6915.0;44152.0;0.0;0.0;0.0;0.0;7508
2015-09-17;2015;260;38;3;9;17;4;7508.0;5424.0;41885.0;0.0;0.0;0.0;0.0;7267
2015-09-18;2015;261;38;3;9;18;5;7267.0;5947.0;41617.0;0.0;0.0;0.0;0.0;7373
2015-09-19;2015;262;38;3;9;19;6;7373.0;6017.0;34696.0;0.0;0.0;0.0;0.0;5598
2015-09-20;2015;263;38;3;9;20;7;5598.0;3388.0;25217.0;0.0;0.0;0.0;0.0;4271
2015-09-21;2015;264;39;3;9;21;1;4271.0;7062.0;43187.0;0.0;0.0;0.0;0.0;7079
2015-09-22;2015;265;39;3;9;22;2;7079.0;6999.0;40935.0;0.0;0.0;0.0;0.0;6945
2015-09-23;2015;266;39;3;9;23;3;6945.0;5216.0;47183.0;0.0;0.0;0.0;0.0;7750
2015-09-24;2015;267;39;3;9;24;4;7750.0;6553.0;40683.0;0.0;0.0;0.0;0.0;7131
2015-09-25;2015;268;39;3;9;25;5;7131.0;6660.0;40140.0;0.0;0.0;0.0;0.0;7039
2015-09-26;2015;269;39;3;9;26;6;7039.0;4570.0;30665.0;0.0;0.0;0.0;0.0;5189
2015-09-27;2015;270;39;3;9;27;7;5189.0;3414.0;21993.0;0.0;0.0;0.0;0.0;3860
2015-09-28;2015;271;40;3;9;28;1;3860.0;5423.0;41857.0;0.0;0.0;0.0;0.0;6753
2015-09-29;2015;272;40;3;9;29;2;6753.0;4501.0;39496.0;0.0;0.0;0.0;0.0;6252
2015-09-30;2015;273;40;3;9;30;3;6252.0;4557.0;37518.0;0.0;0.0;0.0;0.0;6476
2015-10-01;2015;274;40;4;10;1;4;6476.0;5710.0;41108.0;0.0;0.0;0.0;0.0;6894
2015-10-02;2015;275;40;4;10;2;5;6894.0;6228.0;42123.0;0.0;0.0;0.0;0.0;7064
2015-10-03;2015;276;40;4;10;3;6;7064.0;5412.0;31796.0;0.0;0.0;0.0;0.0;5291
2015-10-04;2015;277;40;4;10;4;7;5291.0;3236.0;22036.0;0.0;0.0;0.0;0.0;3794
2015-10-05;2015;278;41;4;10;5;1;3794.0;4416.0;37538.0;0.0;0.0;0.0;0.0;6509
2015-10-06;2015;279;41;4;10;6;2;6509.0;6705.0;40191.0;0.0;0.0;0.0;0.0;6948
2015-10-07;2015;280;41;4;10;7;3;6948.0;5263.0;39400.0;0.0;0.0;0.0;0.0;6651
2015-10-08;2015;281;41;4;10;8;4;6651.0;3997.0;34625.0;0.0;0.0;0.0;0.0;6489
2015-10-09;2015;282;41;4;10;9;5;6489.0;6264.0;36447.0;0.0;0.0;0.0;0.0;6452
2015-10-10;2015;283;41;4;10;10;6;6452.0;4388.0;27266.0;0.0;0.0;0.0;0.0;4849
2015-10-11;2015;284;41;4;10;11;7;4849.0;3039.0;20256.0;0.0;0.0;0.0;0.0;3496
2015-10-12;2015;285;42;4;10;12;1;3496.0;4824.0;37771.0;0.0;0.0;0.0;0.0;6080
2015-10-13;2015;286;42;4;10;13;2;6080.0;3295.0;38895.0;0.0;0.0;0.0;0.0;6318
2015-10-14;2015;287;42;4;10;14;3;6318.0;5839.0;38511.0;0.0;0.0;0.0;0.0;6309
2015-10-15;2015;288;42;4;10;15;4;6309.0;4976.0;34236.0;0.0;0.0;0.0;0.0;6052
2015-10-16;2015;289;42;4;10;16;5;6052.0;5920.0;33790.0;0.0;0.0;0.0;0.0;6010
2015-10-17;2015;290;42;4;10;17;6;6010.0;4626.0;26527.0;0.0;0.0;0.0;0.0;4399
2015-10-18;2015;291;42;4;10;18;7;4399.0;1892.0;17788.0;0.0;0.0;0.0;0.0;3079
2015-10-19;2015;292;43;4;10;19;1;3079.0;3752.0;35342.0;0.0;0.0;0.0;0.0;6129
2015-10-20;2015;293;43;4;10;20;2;6129.0;5611.0;34948.0;0.0;0.0;0.0;0.0;5972
2015-10-21;2015;294;43;4;10;21;3;5972.0;4262.0;32142.0;0.0;0.0;0.0;0.0;5743
2015-10-22;2015;295;43;4;10;22;4;5743.0;4038.0;36822.0;0.0;0.0;0.0;0.0;5631
2015-10-23;2015;296;43;4;10;23;5;5631.0;4701.0;30994.0;0.0;0.0;0.0;0.0;5505
2015-10-24;2015;297;43;4;10;24;6;5505.0;4971.0;23555.0;0.0;0.0;0.0;0.0;4108
2015-10-25;2015;298;43;4;10;25;7;4108.0;2964.0;11706.0;0.0;0.0;1.0;1.0;2128
2015-10-26;2015;299;44;4;10;26;1;2128.0;4273.0;33130.0;0.0;0.0;0.0;0.0;5526
2015-10-27;2015;300;44;4;10;27;2;5526.0;5730.0;31261.0;0.0;0.0;0.0;0.0;5146
2015-10-28;2015;301;44;4;10;28;3;5146.0;5145.0;27743.0;0.0;0.0;0.0;0.0;4925
2015-10-29;2015;302;44;4;10;29;4;4925.0;3881.0;28871.0;0.0;0.0;0.0;0.0;4934
2015-10-30;2015;303;44;4;10;30;5;4934.0;4269.0;29114.0;0.0;0.0;0.0;0.0;4820
2015-10-31;2015;304;44;4;10;31;6;4820.0;4632.0;14036.0;0.0;0.0;1.0;1.0;2313
2015-11-01;2015;305;44;4;11;1;7;2313.0;2915.0;14393.0;0.0;0.0;0.0;0.0;2359
2015-11-02;2015;306;45;4;11;2;1;2359.0;3909.0;28250.0;0.0;0.0;0.0;0.0;4801
2015-11-03;2015;307;45;4;11;3;2;4801.0;4000.0;26401.0;0.0;0.0;0.0;0.0;4893
2015-11-04;2015;308;45;4;11;4;3;4893.0;3215.0;27113.0;0.0;0.0;0.0;0.0;4666
2015-11-05;2015;309;45;4;11;5;4;4666.0;3853.0;19867.0;0.0;0.0;1.0;1.0;3329
2015-11-06;2015;310;45;4;11;6;5;3329.0;4534.0;27751.0;0.0;0.0;0.0;0.0;4833
2015-11-07;2015;311;45;4;11;7;6;4833.0;3065.0;20670.0;0.0;0.0;0.0;0.0;3395
2015-11-08;2015;312;45;4;11;8;7;3395.0;2541.0;9913.0;0.0;0.0;1.0;1.0;1651
2015-11-09;2015;313;46;4;11;9;1;1651.0;4710.0;27760.0;0.0;0.0;0.0;0.0;5072
2015-11-10;2015;314;46;4;11;10;2;5072.0;4276.0;31022.0;0.0;0.0;0.0;0.0;4972
2015-11-11;2015;315;46;4;11;11;3;4972.0;4353.0;30546.0;0.0;0.0;0.0;0.0;5103
2015-11-12;2015;316;46;4;11;12;4;5103.0;3647.0;27782.0;0.0;0.0;0.0;0.0;4876
2015-11-13;2015;317;46;4;11;13;5;4876.0;4909.0;30319.0;0.0;0.0;0.0;0.0;5100
2015-11-14;2015;318;46;4;11;14;6;5100.0;5675.0;25798.0;0.0;0.0;0.0;0.0;4327
2015-11-15;2015;319;46;4;11;15;7;4327.0;1682.0;16217.0;0.0;0.0;0.0;0.0;2635
2015-11-16;2015;320;47;4;11;16;1;2635.0;6575.0;30500.0;0.0;0.0;0.0;0.0;5604
2015-11-17;2015;321;47;4;11;17;2;5604.0;3997.0;28800.0;0.0;0.0;0.0;0.0;5091
2015-11-18;2015;322;47;4;11;18;3;5091.0;2803.0;28344.0;0.0;0.0;0.0;0.0;5071
2015-11-19;2015;323;47;4;11;19;4;5071.0;5611.0;29025.0;0.0;0.0;0.0;0.0;5006
2015-11-20;2015;324;47;4;11;20;5;5006.0;5928.0;28115.0;0.0;0.0;0.0;0.0;4932
2015-11-21;2015;325;47;4;11;21;6;4932.0;3843.0;20390.0;0.0;0.0;0.0;0.0;3332
2015-11-22;2015;326;47;4;11;22;7;3332.0;2109.0;12690.0;0.0;0.0;0.0;0.0;2340
2015-11-23;2015;327;48;4;11;23;1;2340.0;5009.0;30451.0;0.0;0.0;0.0;0.0;5141
2015-11-24;2015;328;48;4;11;24;2;5141.0;3818.0;29881.0;0.0;0.0;0.0;0.0;5071
2015-11-25;2015;329;48;4;11;25;3;5071.0;2302.0;26690.0;0.0;0.0;0.0;0.0;4644
2015-11-26;2015;330;48;4;11;26;4;4644.0;3802.0;28179.0;0.0;0.0;0.0;0.0;4770
2015-11-27;2015;331;48;4;11;27;5;4770.0;6061.0;27454.0;0.0;0.0;0.0;0.0;4446
2015-11-28;2015;332;48;4;11;28;6;4446.0;4478.0;17662.0;0.0;0.0;0.0;0.0;3073
2015-11-29;2015;333;48;4;11;29;7;3073.0;2439.0;12705.0;0.0;0.0;0.0;0.0;2214
2015-11-30;2015;334;49;4;11;30;1;2214.0;4098.0;27410.0;0.0;0.0;0.0;0.0;5019
2015-12-01;2015;335;49;4;12;1;2;5019.0;2898.0;30518.0;0.0;0.0;0.0;0.0;4951
2015-12-02;2015;336;49;4;12;2;3;4951.0;5590.0;31184.0;0.0;0.0;0.0;0.0;5276
2015-12-03;2015;337;49;4;12;3;4;5276.0;6465.0;32384.0;0.0;0.0;0.0;0.0;5441
2015-12-04;2015;338;49;4;12;4;5;5441.0;6471.0;35135.0;0.0;0.0;0.0;0.0;5759
2015-12-05;2015;339;49;4;12;5;6;5759.0;7422.0;27108.0;0.0;0.0;0.0;0.0;4894
2015-12-06;2015;340;49;4;12;6;7;4894.0;3089.0;20680.0;0.0;0.0;0.0;0.0;3213
2015-12-07;2015;341;50;4;12;7;1;3213.0;4709.0;27958.0;0.0;0.0;0.0;0.0;4676
2015-12-08;2015;342;50;4;12;8;2;4676.0;3719.0;17475.0;0.0;0.0;0.0;0.0;2968
2015-12-09;2015;343;50;4;12;9;3;2968.0;3258.0;27824.0;0.0;0.0;0.0;0.0;4813
2015-12-10;2015;344;50;4;12;10;4;4813.0;4292.0;27778.0;0.0;0.0;0.0;0.0;4678
2015-12-11;2015;345;50;4;12;11;5;4678.0;5250.0;26938.0;0.0;0.0;0.0;0.0;4429
2015-12-12;2015;346;50;4;12;12;6;4429.0;3725.0;19198.0;0.0;0.0;0.0;0.0;3118
2015-12-13;2015;347;50;4;12;13;7;3118.0;3021.0;12266.0;0.0;0.0;0.0;0.0;2176
2015-12-14;2015;348;51;4;12;14;1;2176.0;3264.0;25962.0;0.0;0.0;0.0;0.0;4524
2015-12-15;2015;349;51;4;12;15;2;4524.0;4109.0;26564.0;0.0;0.0;0.0;0.0;4455
2015-12-16;2015;350;51;4;12;16;3;4455.0;3774.0;25441.0;0.0;0.0;0.0;0.0;4276
2015-12-17;2015;351;51;4;12;17;4;4276.0;3981.0;24591.0;0.0;0.0;0.0;0.0;4342
2015-12-18;2015;352;51;4;12;18;5;4342.0;2340.0;26460.0;0.0;0.0;0.0;0.0;4349
2015-12-19;2015;353;51;4;12;19;6;4349.0;3412.0;17744.0;0.0;0.0;0.0;0.0;3079
2015-12-20;2015;354;51;4;12;20;7;3079.0;2658.0;14875.0;0.0;0.0;0.0;0.0;2587
2015-12-21;2015;355;52;4;12;21;1;2587.0;5861.0;33275.0;0.0;1.0;0.0;1.0;5442
2015-12-22;2015;356;52;4;12;22;2;5442.0;4954.0;30605.0;0.0;1.0;0.0;1.0;5260
2015-12-23;2015;357;52;4;12;23;3;5260.0;4765.0;26909.0;0.0;1.0;0.0;1.0;4939
2015-12-24;2015;358;52;4;12;24;4;4939.0;4648.0;21850.0;0.0;1.0;0.0;1.0;3940
2015-12-25;2015;359;52;4;12;25;5;3940.0;4051.0;10898.0;0.0;1.0;1.0;2.0;1836
2015-12-26;2015;360;52;4;12;26;6;1836.0;5578.0;17580.0;0.0;1.0;1.0;2.0;3066
2015-12-27;2015;361;52;4;12;27;7;3066.0;5272.0;29961.0;0.0;1.0;0.0;1.0;4911
2015-12-28;2015;362;53;4;12;28;1;4911.0;6157.0;32125.0;0.0;1.0;1.0;2.0;5377
2015-12-29;2015;363;53;4;12;29;2;5377.0;6375.0;44259.0;0.0;1.0;0.0;1.0;7398
2015-12-30;2015;364;53;4;12;30;3;7398.0;7183.0;43000.0;0.0;1.0;0.0;1.0;7520
2015-12-31;2015;365;53;4;12;31;4;7520.0;7435.0;34585.0;0.0;1.0;0.0;1.0;5696
2016-01-01;2016;1;53;1;1;1;5;5696.0;4820.0;15164.0;0.0;1.0;1.0;2.0;2706
2016-01-02;2016;2;53;1;1;2;6;2706.0;6142.0;31815.0;0.0;1.0;0.0;1.0;5047
2016-01-03;2016;3;53;1;1;3;7;5047.0;4656.0;17487.0;0.0;0.0;0.0;0.0;3107
2016-01-04;2016;4;1;1;1;4;1;3107.0;3197.0;32316.0;0.0;0.0;0.0;0.0;5071
2016-01-05;2016;5;1;1;1;5;2;5071.0;3860.0;26555.0;0.0;0.0;0.0;0.0;4466
2016-01-06;2016;6;1;1;1;6;3;4466.0;2651.0;17769.0;0.0;0.0;0.0;0.0;2936
2016-01-07;2016;7;1;1;1;7;4;2936.0;2653.0;27723.0;0.0;0.0;0.0;0.0;4746
2016-01-08;2016;8;1;1;1;8;5;4746.0;3405.0;26662.0;0.0;0.0;0.0;0.0;4736
2016-01-09;2016;9;1;1;1;9;6;4736.0;3192.0;17957.0;0.0;0.0;0.0;0.0;3168
2016-01-10;2016;10;1;1;1;10;7;3168.0;1523.0;14134.0;0.0;0.0;0.0;0.0;2491
2016-01-11;2016;11;2;1;1;11;1;2491.0;4171.0;29442.0;0.0;0.0;0.0;0.0;5266
2016-01-12;2016;12;2;1;1;12;2;5266.0;4052.0;30007.0;0.0;0.0;0.0;0.0;4797
2016-01-13;2016;13;2;1;1;13;3;4797.0;3434.0;27555.0;0.0;0.0;0.0;0.0;4809
2016-01-14;2016;14;2;1;1;14;4;4809.0;2781.0;26356.0;0.0;0.0;0.0;0.0;4762
2016-01-15;2016;15;2;1;1;15;5;4762.0;4249.0;28728.0;0.0;0.0;0.0;0.0;4820
2016-01-16;2016;16;2;1;1;16;6;4820.0;2464.0;17132.0;0.0;0.0;0.0;0.0;3125
2016-01-17;2016;17;2;1;1;17;7;3125.0;2531.0;14153.0;0.0;0.0;0.0;0.0;2387
2016-01-18;2016;18;3;1;1;18;1;2387.0;4417.0;30667.0;0.0;0.0;0.0;0.0;4960
2016-01-19;2016;19;3;1;1;19;2;4960.0;2765.0;26051.0;0.0;0.0;0.0;0.0;4700
2016-01-20;2016;20;3;1;1;20;3;4700.0;3774.0;26081.0;0.0;0.0;0.0;0.0;4484
2016-01-21;2016;21;3;1;1;21;4;4484.0;4687.0;25712.0;0.0;0.0;0.0;0.0;4590
2016-01-22;2016;22;3;1;1;22;5;4590.0;4149.0;28479.0;0.0;0.0;0.0;0.0;4669
2016-01-23;2016;23;3;1;1;23;6;4669.0;4404.0;17950.0;0.0;0.0;0.0;0.0;3200
2016-01-24;2016;24;3;1;1;24;7;3200.0;2029.0;13408.0;0.0;0.0;0.0;0.0;2458
2016-01-25;2016;25;4;1;1;25;1;2458.0;5353.0;29632.0;0.0;0.0;0.0;0.0;5217
2016-01-26;2016;26;4;1;1;26;2;5217.0;4055.0;27211.0;0.0;0.0;0.0;0.0;4695
2016-01-27;2016;27;4;1;1;27;3;4695.0;2126.0;28073.0;0.0;0.0;0.0;0.0;4669
2016-01-28;2016;28;4;1;1;28;4;4669.0;3525.0;26757.0;0.0;0.0;0.0;0.0;4850
2016-01-29;2016;29;4;1;1;29;5;4850.0;4979.0;27599.0;0.0;0.0;0.0;0.0;4897
2016-01-30;2016;30;4;1;1;30;6;4897.0;4873.0;20464.0;0.0;0.0;0.0;0.0;3366
2016-01-31;2016;31;4;1;1;31;7;3366.0;2920.0;14390.0;0.0;0.0;0.0;0.0;2617
2016-02-01;2016;32;5;1;2;1;1;2617.0;6763.0;30661.0;0.0;0.0;0.0;0.0;5334
2016-02-02;2016;33;5;1;2;2;2;5334.0;3208.0;27896.0;0.0;0.0;0.0;0.0;5010
2016-02-03;2016;34;5;1;2;3;3;5010.0;4696.0;30213.0;0.0;0.0;0.0;0.0;5067
2016-02-04;2016;35;5;1;2;4;4;5067.0;6678.0;30592.0;0.0;0.0;0.0;0.0;5127
2016-02-05;2016;36;5;1;2;5;5;5127.0;4980.0;31052.0;0.0;0.0;0.0;0.0;5426
2016-02-06;2016;37;5;1;2;6;6;5426.0;4514.0;21784.0;0.0;0.0;0.0;0.0;3872
2016-02-07;2016;38;5;1;2;7;7;3872.0;3750.0;16588.0;0.0;0.0;0.0;0.0;2938
2016-02-08;2016;39;6;1;2;8;1;2938.0;5797.0;33985.0;0.0;0.0;0.0;0.0;5828
2016-02-09;2016;40;6;1;2;9;2;5828.0;5406.0;30436.0;0.0;0.0;0.0;0.0;5374
2016-02-10;2016;41;6;1;2;10;3;5374.0;6610.0;34059.0;0.0;0.0;0.0;0.0;5516
2016-02-11;2016;42;6;1;2;11;4;5516.0;4716.0;28890.0;0.0;0.0;0.0;0.0;5271
2016-02-12;2016;43;6;1;2;12;5;5271.0;5116.0;34442.0;0.0;0.0;0.0;0.0;5584
2016-02-13;2016;44;6;1;2;13;6;5584.0;5192.0;25573.0;0.0;0.0;0.0;0.0;4158
2016-02-14;2016;45;6;1;2;14;7;4158.0;3268.0;16899.0;0.0;0.0;0.0;0.0;2983
2016-02-15;2016;46;7;1;2;15;1;2983.0;5096.0;31712.0;0.0;0.0;0.0;0.0;5580
2016-02-16;2016;47;7;1;2;16;2;5580.0;3107.0;31252.0;0.0;0.0;0.0;0.0;5598
2016-02-17;2016;48;7;1;2;17;3;5598.0;4881.0;33472.0;0.0;0.0;0.0;0.0;5555
2016-02-18;2016;49;7;1;2;18;4;5555.0;4485.0;31784.0;0.0;0.0;0.0;0.0;5504
2016-02-19;2016;50;7;1;2;19;5;5504.0;3497.0;32471.0;0.0;0.0;0.0;0.0;5368
2016-02-20;2016;51;7;1;2;20;6;5368.0;4730.0;20297.0;0.0;0.0;0.0;0.0;3726
2016-02-21;2016;52;7;1;2;21;7;3726.0;1833.0;15553.0;0.0;0.0;0.0;0.0;2726
2016-02-22;2016;53;8;1;2;22;1;2726.0;4625.0;34223.0;0.0;0.0;0.0;0.0;5927
2016-02-23;2016;54;8;1;2;23;2;5927.0;3915.0;30845.0;0.0;0.0;0.0;0.0;5670
2016-02-24;2016;55;8;1;2;24;3;5670.0;5491.0;31242.0;0.0;0.0;0.0;0.0;5337
2016-02-25;2016;56;8;1;2;25;4;5337.0;4713.0;33309.0;0.0;0.0;0.0;0.0;5690
2016-02-26;2016;57;8;1;2;26;5;5690.0;5204.0;34350.0;0.0;0.0;0.0;0.0;5799
2016-02-27;2016;58;8;1;2;27;6;5799.0;5135.0;23656.0;0.0;0.0;0.0;0.0;3949
2016-02-28;2016;59;8;1;2;28;7;3949.0;3422.0;18162.0;0.0;0.0;0.0;0.0;2973
2016-02-29;2016;60;9;1;2;29;1;2973.0;6806.0;36418.0;0.0;0.0;0.0;0.0;6444
