date;calls;weekday;month_day;month_year;reservations_2months_advance;total_reservations;summer_break;christmas_break;special_day
2013-01-01;2429;2;01-01;2013-01;;;0.0;1.0;1.0
2013-01-02;3881;3;01-02;2013-01;;;0.0;1.0;0.0
2013-01-03;3560;4;01-03;2013-01;;;0.0;0.0;0.0
2013-01-04;3155;5;01-04;2013-01;;;0.0;0.0;0.0
2013-01-05;1538;6;01-05;2013-01;;;0.0;0.0;0.0
2013-01-06;1264;7;01-06;2013-01;;;0.0;0.0;0.0
2013-01-07;2947;1;01-07;2013-01;;;0.0;0.0;0.0
2013-01-08;2914;2;01-08;2013-01;;;0.0;0.0;0.0
2013-01-09;3120;3;01-09;2013-01;;;0.0;0.0;0.0
2013-01-10;2456;4;01-10;2013-01;;;0.0;0.0;0.0
2013-01-11;2606;5;01-11;2013-01;;;0.0;0.0;0.0
2013-01-12;2021;6;01-12;2013-01;;;0.0;0.0;0.0
2013-01-13;1060;7;01-13;2013-01;;;0.0;0.0;0.0
2013-01-14;3023;1;01-14;2013-01;;;0.0;0.0;0.0
2013-01-15;3379;2;01-15;2013-01;;;0.0;0.0;0.0
2013-01-16;3417;3;01-16;2013-01;;;0.0;0.0;0.0
2013-01-17;3402;4;01-17;2013-01;;;0.0;0.0;0.0
2013-01-18;3444;5;01-18;2013-01;;;0.0;0.0;0.0
2013-01-19;2195;6;01-19;2013-01;;;0.0;0.0;0.0
2013-01-20;1808;7;01-20;2013-01;;;0.0;0.0;0.0
2013-01-21;3383;1;01-21;2013-01;;;0.0;0.0;0.0
2013-01-22;3165;2;01-22;2013-01;;;0.0;0.0;0.0
2013-01-23;3617;3;01-23;2013-01;;;0.0;0.0;0.0
2013-01-24;3440;4;01-24;2013-01;;;0.0;0.0;0.0
2013-01-25;3150;5;01-25;2013-01;;;0.0;0.0;0.0
2013-01-26;1662;6;01-26;2013-01;;;0.0;0.0;0.0
2013-01-27;1322;7;01-27;2013-01;;;0.0;0.0;0.0
2013-01-28;3679;1;01-28;2013-01;;;0.0;0.0;0.0
2013-01-29;3584;2;01-29;2013-01;;;0.0;0.0;0.0
2013-01-30;3617;3;01-30;2013-01;;;0.0;0.0;0.0
2013-01-31;3028;4;01-31;2013-01;;;0.0;0.0;0.0
2013-02-01;3290;5;02-01;2013-02;;;0.0;0.0;0.0
2013-02-02;2401;6;02-02;2013-02;;;0.0;0.0;0.0
2013-02-03;1233;7;02-03;2013-02;;;0.0;0.0;0.0
2013-02-04;4191;1;02-04;2013-02;;;0.0;0.0;0.0
2013-02-05;3493;2;02-05;2013-02;;;0.0;0.0;0.0
2013-02-06;3411;3;02-06;2013-02;;;0.0;0.0;0.0
2013-02-07;3639;4;02-07;2013-02;;;0.0;0.0;0.0
2013-02-08;3836;5;02-08;2013-02;;;0.0;0.0;0.0
2013-02-09;2934;6;02-09;2013-02;;;0.0;0.0;0.0
2013-02-10;2052;7;02-10;2013-02;;;0.0;0.0;0.0
2013-02-11;4236;1;02-11;2013-02;;;0.0;0.0;0.0
2013-02-12;3731;2;02-12;2013-02;;;0.0;0.0;0.0
2013-02-13;3071;3;02-13;2013-02;;;0.0;0.0;0.0
2013-02-14;3218;4;02-14;2013-02;;;0.0;0.0;0.0
2013-02-15;3200;5;02-15;2013-02;;;0.0;0.0;0.0
2013-02-16;2365;6;02-16;2013-02;;;0.0;0.0;0.0
2013-02-17;1706;7;02-17;2013-02;;;0.0;0.0;0.0
2013-02-18;3637;1;02-18;2013-02;;;0.0;0.0;0.0
2013-02-19;3698;2;02-19;2013-02;;;0.0;0.0;0.0
2013-02-20;3662;3;02-20;2013-02;;;0.0;0.0;0.0
2013-02-21;2985;4;02-21;2013-02;;;0.0;0.0;0.0
2013-02-22;3489;5;02-22;2013-02;;;0.0;0.0;0.0
2013-02-23;2172;6;02-23;2013-02;;;0.0;0.0;0.0
2013-02-24;1405;7;02-24;2013-02;;;0.0;0.0;0.0
2013-02-25;3936;1;02-25;2013-02;;;0.0;0.0;0.0
2013-02-26;3584;2;02-26;2013-02;;;0.0;0.0;0.0
2013-02-27;3033;3;02-27;2013-02;;;0.0;0.0;0.0
2013-02-28;3678;4;02-28;2013-02;;;0.0;0.0;0.0
2013-03-01;4012;5;03-01;2013-03;;;0.0;0.0;0.0
2013-03-02;2312;6;03-02;2013-03;;;0.0;0.0;0.0
2013-03-03;2025;7;03-03;2013-03;;;0.0;0.0;0.0
2013-03-04;3622;1;03-04;2013-03;;;0.0;0.0;0.0
2013-03-05;4201;2;03-05;2013-03;;;0.0;0.0;0.0
2013-03-06;3577;3;03-06;2013-03;;;0.0;0.0;0.0
2013-03-07;4389;4;03-07;2013-03;;;0.0;0.0;0.0
2013-03-08;3961;5;03-08;2013-03;;;0.0;0.0;0.0
2013-03-09;2230;6;03-09;2013-03;;;0.0;0.0;0.0
2013-03-10;2079;7;03-10;2013-03;;;0.0;0.0;0.0
2013-03-11;4990;1;03-11;2013-03;;;0.0;0.0;0.0
2013-03-12;5021;2;03-12;2013-03;;;0.0;0.0;0.0
2013-03-13;5081;3;03-13;2013-03;;;0.0;0.0;0.0
2013-03-14;4685;4;03-14;2013-03;;;0.0;0.0;0.0
2013-03-15;3963;5;03-15;2013-03;;;0.0;0.0;0.0
2013-03-16;2198;6;03-16;2013-03;;;0.0;0.0;0.0
2013-03-17;1883;7;03-17;2013-03;;;0.0;0.0;0.0
2013-03-18;4973;1;03-18;2013-03;;;0.0;0.0;0.0
2013-03-19;5112;2;03-19;2013-03;;;0.0;0.0;0.0
2013-03-20;4245;3;03-20;2013-03;;;0.0;0.0;0.0
2013-03-21;3817;4;03-21;2013-03;;;0.0;0.0;0.0
2013-03-22;3876;5;03-22;2013-03;;;0.0;0.0;0.0
2013-03-23;3246;6;03-23;2013-03;;;0.0;0.0;0.0
2013-03-24;2974;7;03-24;2013-03;;;0.0;0.0;0.0
2013-03-25;6154;1;03-25;2013-03;;;0.0;0.0;0.0
2013-03-26;5596;2;03-26;2013-03;;;0.0;0.0;0.0
2013-03-27;5551;3;03-27;2013-03;;;0.0;0.0;0.0
2013-03-28;4770;4;03-28;2013-03;;;0.0;0.0;0.0
2013-03-29;5144;5;03-29;2013-03;;;0.0;0.0;1.0
2013-03-30;3833;6;03-30;2013-03;;;0.0;0.0;0.0
2013-03-31;2176;7;03-31;2013-03;;;0.0;0.0;0.0
2013-04-01;2454;1;04-01;2013-04;;;0.0;0.0;0.0
2013-04-02;4888;2;04-02;2013-04;;;0.0;0.0;0.0
2013-04-03;4758;3;04-03;2013-04;;;0.0;0.0;1.0
2013-04-04;5271;4;04-04;2013-04;;;0.0;0.0;0.0
2013-04-05;4473;5;04-05;2013-04;;;0.0;0.0;0.0
2013-04-06;2979;6;04-06;2013-04;;;0.0;0.0;1.0
2013-04-07;2506;7;04-07;2013-04;;;0.0;0.0;0.0
2013-04-08;5338;1;04-08;2013-04;;;0.0;0.0;0.0
2013-04-09;5121;2;04-09;2013-04;;;0.0;0.0;0.0
2013-04-10;5538;3;04-10;2013-04;;;0.0;0.0;0.0
2013-04-11;5043;4;04-11;2013-04;;;0.0;0.0;0.0
2013-04-12;5421;5;04-12;2013-04;;;0.0;0.0;0.0
2013-04-13;3137;6;04-13;2013-04;;;0.0;0.0;0.0
2013-04-14;2572;7;04-14;2013-04;;;0.0;0.0;0.0
2013-04-15;5156;1;04-15;2013-04;;;0.0;0.0;0.0
2013-04-16;5285;2;04-16;2013-04;;;0.0;0.0;0.0
2013-04-17;5436;3;04-17;2013-04;;;0.0;0.0;0.0
2013-04-18;5387;4;04-18;2013-04;;;0.0;0.0;0.0
2013-04-19;5047;5;04-19;2013-04;;;0.0;0.0;0.0
2013-04-20;4171;6;04-20;2013-04;;;0.0;0.0;0.0
2013-04-21;3590;7;04-21;2013-04;;;0.0;0.0;0.0
2013-04-22;6837;1;04-22;2013-04;;;0.0;0.0;0.0
2013-04-23;6683;2;04-23;2013-04;;;0.0;0.0;1.0
2013-04-24;7230;3;04-24;2013-04;;;0.0;0.0;0.0
2013-04-25;4318;4;04-25;2013-04;;;0.0;0.0;0.0
2013-04-26;5626;5;04-26;2013-04;;;0.0;0.0;0.0
2013-04-27;4371;6;04-27;2013-04;;;0.0;0.0;0.0
2013-04-28;3175;7;04-28;2013-04;;;0.0;0.0;0.0
2013-04-29;6514;1;04-29;2013-04;;;0.0;0.0;0.0
2013-04-30;5920;2;04-30;2013-04;;;0.0;0.0;0.0
2013-05-01;3204;3;05-01;2013-05;;;0.0;0.0;0.0
2013-05-02;5188;4;05-02;2013-05;;;0.0;0.0;0.0
2013-05-03;4767;5;05-03;2013-05;;;0.0;0.0;0.0
2013-05-04;3231;6;05-04;2013-05;;;0.0;0.0;1.0
2013-05-05;2946;7;05-05;2013-05;;;0.0;0.0;0.0
2013-05-06;5774;1;05-06;2013-05;;;0.0;0.0;0.0
2013-05-07;5753;2;05-07;2013-05;;;0.0;0.0;0.0
2013-05-08;5229;3;05-08;2013-05;;;0.0;0.0;1.0
2013-05-09;5540;4;05-09;2013-05;;;0.0;0.0;0.0
2013-05-10;5796;5;05-10;2013-05;;;0.0;0.0;0.0
2013-05-11;3707;6;05-11;2013-05;;;0.0;0.0;0.0
2013-05-12;2684;7;05-12;2013-05;;;0.0;0.0;0.0
2013-05-13;6476;1;05-13;2013-05;;;0.0;0.0;0.0
2013-05-14;5922;2;05-14;2013-05;;;0.0;0.0;0.0
2013-05-15;5665;3;05-15;2013-05;;;0.0;0.0;0.0
2013-05-16;6503;4;05-16;2013-05;;;0.0;0.0;0.0
2013-05-17;5782;5;05-17;2013-05;;;0.0;0.0;0.0
2013-05-18;3757;6;05-18;2013-05;;;0.0;0.0;0.0
2013-05-19;2670;7;05-19;2013-05;;;0.0;0.0;0.0
2013-05-20;6161;1;05-20;2013-05;;;0.0;0.0;0.0
2013-05-21;6159;2;05-21;2013-05;;;0.0;0.0;0.0
2013-05-22;6137;3;05-22;2013-05;;;0.0;0.0;0.0
2013-05-23;5761;4;05-23;2013-05;;;0.0;0.0;0.0
2013-05-24;5894;5;05-24;2013-05;;;0.0;0.0;0.0
2013-05-25;3729;6;05-25;2013-05;;;0.0;0.0;1.0
2013-05-26;3379;7;05-26;2013-05;;;0.0;0.0;0.0
2013-05-27;6159;1;05-27;2013-05;;;0.0;0.0;0.0
2013-05-28;6637;2;05-28;2013-05;;;0.0;0.0;0.0
2013-05-29;5968;3;05-29;2013-05;;;0.0;0.0;0.0
2013-05-30;6016;4;05-30;2013-05;;;0.0;0.0;0.0
2013-05-31;5334;5;05-31;2013-05;;;0.0;0.0;0.0
2013-06-01;4461;6;06-01;2013-06;;;0.0;0.0;0.0
2013-06-02;3535;7;06-02;2013-06;;;0.0;0.0;0.0
2013-06-03;6521;1;06-03;2013-06;;;0.0;0.0;0.0
2013-06-04;5334;2;06-04;2013-06;;;0.0;0.0;0.0
2013-06-05;5753;3;06-05;2013-06;;;0.0;0.0;0.0
2013-06-06;5879;4;06-06;2013-06;;;0.0;0.0;0.0
2013-06-07;6142;5;06-07;2013-06;;;0.0;0.0;0.0
2013-06-08;3962;6;06-08;2013-06;;;0.0;0.0;0.0
2013-06-09;3523;7;06-09;2013-06;;;0.0;0.0;0.0
2013-06-10;7072;1;06-10;2013-06;;;0.0;0.0;0.0
2013-06-11;6905;2;06-11;2013-06;;;0.0;0.0;0.0
2013-06-12;6833;3;06-12;2013-06;;;0.0;0.0;0.0
2013-06-13;6941;4;06-13;2013-06;;;0.0;0.0;0.0
2013-06-14;6166;5;06-14;2013-06;;;0.0;0.0;0.0
2013-06-15;5110;6;06-15;2013-06;;;0.0;0.0;0.0
2013-06-16;4080;7;06-16;2013-06;;;0.0;0.0;0.0
2013-06-17;7335;1;06-17;2013-06;;;0.0;0.0;0.0
2013-06-18;7107;2;06-18;2013-06;;;0.0;0.0;0.0
2013-06-19;6884;3;06-19;2013-06;;;0.0;0.0;0.0
2013-06-20;6921;4;06-20;2013-06;;;0.0;0.0;0.0
2013-06-21;7093;5;06-21;2013-06;;;0.0;0.0;0.0
2013-06-22;6214;6;06-22;2013-06;;;0.0;0.0;0.0
2013-06-23;4462;7;06-23;2013-06;;;0.0;0.0;0.0
2013-06-24;7818;1;06-24;2013-06;;;0.0;0.0;0.0
2013-06-25;7260;2;06-25;2013-06;;;0.0;0.0;0.0
2013-06-26;7534;3;06-26;2013-06;;;0.0;0.0;0.0
2013-06-27;6774;4;06-27;2013-06;;;0.0;0.0;0.0
2013-06-28;6982;5;06-28;2013-06;;;0.0;0.0;0.0
2013-06-29;5922;6;06-29;2013-06;;;1.0;0.0;0.0
2013-06-30;4842;7;06-30;2013-06;;;1.0;0.0;0.0
2013-07-01;8185;1;07-01;2013-07;;;1.0;0.0;0.0
2013-07-02;8760;2;07-02;2013-07;;;1.0;0.0;0.0
2013-07-03;8747;3;07-03;2013-07;;;1.0;0.0;0.0
2013-07-04;8300;4;07-04;2013-07;;;1.0;0.0;0.0
2013-07-05;8789;5;07-05;2013-07;;;1.0;0.0;0.0
2013-07-06;6294;6;07-06;2013-07;;;1.0;0.0;0.0
2013-07-07;5292;7;07-07;2013-07;;;1.0;0.0;0.0
2013-07-08;9312;1;07-08;2013-07;;;1.0;0.0;0.0
2013-07-09;8840;2;07-09;2013-07;;;1.0;0.0;0.0
2013-07-10;8826;3;07-10;2013-07;;;1.0;0.0;0.0
2013-07-11;8823;4;07-11;2013-07;;;1.0;0.0;0.0
2013-07-12;8485;5;07-12;2013-07;;;1.0;0.0;0.0
2013-07-13;6992;6;07-13;2013-07;;;1.0;0.0;0.0
2013-07-14;5070;7;07-14;2013-07;;;1.0;0.0;0.0
2013-07-15;9357;1;07-15;2013-07;;;1.0;0.0;0.0
2013-07-16;9653;2;07-16;2013-07;;;1.0;0.0;0.0
2013-07-17;8829;3;07-17;2013-07;;;1.0;0.0;0.0
2013-07-18;8233;4;07-18;2013-07;;;1.0;0.0;0.0
2013-07-19;8310;5;07-19;2013-07;;;1.0;0.0;0.0
2013-07-20;7076;6;07-20;2013-07;;;1.0;0.0;0.0
2013-07-21;5184;7;07-21;2013-07;;;1.0;0.0;0.0
2013-07-22;9163;1;07-22;2013-07;;;1.0;0.0;0.0
2013-07-23;8128;2;07-23;2013-07;;;1.0;0.0;0.0
2013-07-24;8934;3;07-24;2013-07;;;1.0;0.0;0.0
2013-07-25;9047;4;07-25;2013-07;;;1.0;0.0;0.0
2013-07-26;9035;5;07-26;2013-07;;;1.0;0.0;0.0
2013-07-27;6565;6;07-27;2013-07;;;1.0;0.0;0.0
2013-07-28;5335;7;07-28;2013-07;;;1.0;0.0;0.0
2013-07-29;9517;1;07-29;2013-07;;;1.0;0.0;0.0
2013-07-30;8696;2;07-30;2013-07;;;1.0;0.0;0.0
2013-07-31;9060;3;07-31;2013-07;;;1.0;0.0;0.0
2013-08-01;8871;4;08-01;2013-08;;;1.0;0.0;0.0
2013-08-02;9639;5;08-02;2013-08;;;1.0;0.0;0.0
2013-08-03;7462;6;08-03;2013-08;;;1.0;0.0;0.0
2013-08-04;6609;7;08-04;2013-08;;;1.0;0.0;0.0
2013-08-05;10941;1;08-05;2013-08;;;1.0;0.0;0.0
2013-08-06;10278;2;08-06;2013-08;;;1.0;0.0;0.0
2013-08-07;10363;3;08-07;2013-08;;;1.0;0.0;0.0
2013-08-08;10360;4;08-08;2013-08;;;1.0;0.0;0.0
2013-08-09;10555;5;08-09;2013-08;;;1.0;0.0;0.0
2013-08-10;10020;6;08-10;2013-08;;;1.0;0.0;0.0
2013-08-11;7480;7;08-11;2013-08;;;1.0;0.0;0.0
2013-08-12;11380;1;08-12;2013-08;;;1.0;0.0;0.0
2013-08-13;10407;2;08-13;2013-08;;;1.0;0.0;0.0
2013-08-14;9982;3;08-14;2013-08;;;1.0;0.0;0.0
2013-08-15;6779;4;08-15;2013-08;;;1.0;0.0;0.0
2013-08-16;9169;5;08-16;2013-08;;;1.0;0.0;0.0
2013-08-17;7325;6;08-17;2013-08;;;1.0;0.0;0.0
2013-08-18;5949;7;08-18;2013-08;;;1.0;0.0;0.0
2013-08-19;9199;1;08-19;2013-08;;;1.0;0.0;0.0
2013-08-20;8140;2;08-20;2013-08;;;1.0;0.0;0.0
2013-08-21;8140;3;08-21;2013-08;;;1.0;0.0;0.0
2013-08-22;7214;4;08-22;2013-08;;;1.0;0.0;0.0
2013-08-23;6702;5;08-23;2013-08;;;1.0;0.0;0.0
2013-08-24;5584;6;08-24;2013-08;;;1.0;0.0;0.0
2013-08-25;3855;7;08-25;2013-08;;;1.0;0.0;0.0
2013-08-26;6726;1;08-26;2013-08;;;1.0;0.0;0.0
2013-08-27;6925;2;08-27;2013-08;;;1.0;0.0;0.0
2013-08-28;6566;3;08-28;2013-08;;;1.0;0.0;0.0
2013-08-29;5868;4;08-29;2013-08;;;1.0;0.0;0.0
2013-08-30;5275;5;08-30;2013-08;;;0.0;0.0;0.0
2013-08-31;4494;6;08-31;2013-08;;;0.0;0.0;1.0
2013-09-01;3529;7;09-01;2013-09;;;0.0;0.0;0.0
2013-09-02;5968;1;09-02;2013-09;;;0.0;0.0;0.0
2013-09-03;6097;2;09-03;2013-09;;;0.0;0.0;0.0
2013-09-04;6258;3;09-04;2013-09;;;0.0;0.0;0.0
2013-09-05;6411;4;09-05;2013-09;;;0.0;0.0;0.0
2013-09-06;6052;5;09-06;2013-09;;;0.0;0.0;0.0
2013-09-07;4457;6;09-07;2013-09;;;0.0;0.0;0.0
2013-09-08;3136;7;09-08;2013-09;;;0.0;0.0;0.0
2013-09-09;5974;1;09-09;2013-09;;;0.0;0.0;0.0
2013-09-10;5878;2;09-10;2013-09;;;0.0;0.0;0.0
2013-09-11;6156;3;09-11;2013-09;;;0.0;0.0;0.0
2013-09-12;5551;4;09-12;2013-09;;;0.0;0.0;0.0
2013-09-13;6122;5;09-13;2013-09;;;0.0;0.0;0.0
2013-09-14;4240;6;09-14;2013-09;;;0.0;0.0;0.0
2013-09-15;2993;7;09-15;2013-09;;;0.0;0.0;0.0
2013-09-16;6668;1;09-16;2013-09;;;0.0;0.0;0.0
2013-09-17;6470;2;09-17;2013-09;;;0.0;0.0;0.0
2013-09-18;6350;3;09-18;2013-09;;;0.0;0.0;0.0
2013-09-19;6124;4;09-19;2013-09;;;0.0;0.0;0.0
2013-09-20;5540;5;09-20;2013-09;;;0.0;0.0;0.0
2013-09-21;3770;6;09-21;2013-09;;;0.0;0.0;0.0
2013-09-22;2824;7;09-22;2013-09;;;0.0;0.0;0.0
2013-09-23;6073;1;09-23;2013-09;;;0.0;0.0;0.0
2013-09-24;5882;2;09-24;2013-09;;;0.0;0.0;0.0
2013-09-25;5976;3;09-25;2013-09;;;0.0;0.0;0.0
2013-09-26;5695;4;09-26;2013-09;;;0.0;0.0;0.0
2013-09-27;5459;5;09-27;2013-09;;;0.0;0.0;0.0
2013-09-28;3458;6;09-28;2013-09;;;0.0;0.0;0.0
2013-09-29;3227;7;09-29;2013-09;;;0.0;0.0;0.0
2013-09-30;5513;1;09-30;2013-09;;;0.0;0.0;0.0
2013-10-01;5988;2;10-01;2013-10;;;0.0;0.0;0.0
2013-10-02;5537;3;10-02;2013-10;;;0.0;0.0;0.0
2013-10-03;5500;4;10-03;2013-10;;;0.0;0.0;0.0
2013-10-04;5321;5;10-04;2013-10;;;0.0;0.0;0.0
2013-10-05;3452;6;10-05;2013-10;;;0.0;0.0;0.0
2013-10-06;2617;7;10-06;2013-10;;;0.0;0.0;0.0
2013-10-07;5920;1;10-07;2013-10;;;0.0;0.0;0.0
2013-10-08;5292;2;10-08;2013-10;;;0.0;0.0;0.0
2013-10-09;5285;3;10-09;2013-10;;;0.0;0.0;0.0
2013-10-10;5457;4;10-10;2013-10;;;0.0;0.0;0.0
2013-10-11;4609;5;10-11;2013-10;;;0.0;0.0;0.0
2013-10-12;3710;6;10-12;2013-10;;;0.0;0.0;0.0
2013-10-13;2329;7;10-13;2013-10;;;0.0;0.0;0.0
2013-10-14;5812;1;10-14;2013-10;;;0.0;0.0;0.0
2013-10-15;5185;2;10-15;2013-10;;;0.0;0.0;0.0
2013-10-16;4620;3;10-16;2013-10;;;0.0;0.0;0.0
2013-10-17;4550;4;10-17;2013-10;;;0.0;0.0;0.0
2013-10-18;5075;5;10-18;2013-10;;;0.0;0.0;0.0
2013-10-19;3338;6;10-19;2013-10;;;0.0;0.0;0.0
2013-10-20;2529;7;10-20;2013-10;;;0.0;0.0;0.0
2013-10-21;4707;1;10-21;2013-10;;;0.0;0.0;0.0
2013-10-22;4370;2;10-22;2013-10;;;0.0;0.0;0.0
2013-10-23;4627;3;10-23;2013-10;;;0.0;0.0;0.0
2013-10-24;4456;4;10-24;2013-10;;;0.0;0.0;0.0
2013-10-25;4006;5;10-25;2013-10;;;0.0;0.0;1.0
2013-10-26;3003;6;10-26;2013-10;;;0.0;0.0;0.0
2013-10-27;1897;7;10-27;2013-10;;;0.0;0.0;0.0
2013-10-28;4767;1;10-28;2013-10;;;0.0;0.0;0.0
2013-10-29;4533;2;10-29;2013-10;;;0.0;0.0;0.0
2013-10-30;4588;3;10-30;2013-10;;;0.0;0.0;0.0
2013-10-31;4569;4;10-31;2013-10;;;0.0;0.0;1.0
2013-11-01;3921;5;11-01;2013-11;;;0.0;0.0;0.0
2013-11-02;3014;6;11-02;2013-11;;;0.0;0.0;0.0
2013-11-03;2246;7;11-03;2013-11;;;0.0;0.0;0.0
2013-11-04;4326;1;11-04;2013-11;;;0.0;0.0;0.0
2013-11-05;4327;2;11-05;2013-11;;;0.0;0.0;1.0
2013-11-06;3791;3;11-06;2013-11;;;0.0;0.0;0.0
2013-11-07;3600;4;11-07;2013-11;;;0.0;0.0;0.0
2013-11-08;3313;5;11-08;2013-11;;;0.0;0.0;1.0
2013-11-09;2974;6;11-09;2013-11;;;0.0;0.0;0.0
2013-11-10;1921;7;11-10;2013-11;;;0.0;0.0;0.0
2013-11-11;4232;1;11-11;2013-11;;;0.0;0.0;0.0
2013-11-12;3968;2;11-12;2013-11;;;0.0;0.0;0.0
2013-11-13;3973;3;11-13;2013-11;;;0.0;0.0;0.0
2013-11-14;3452;4;11-14;2013-11;;;0.0;0.0;0.0
2013-11-15;3622;5;11-15;2013-11;;;0.0;0.0;0.0
2013-11-16;2638;6;11-16;2013-11;;;0.0;0.0;0.0
2013-11-17;2231;7;11-17;2013-11;;;0.0;0.0;0.0
2013-11-18;3970;1;11-18;2013-11;;;0.0;0.0;0.0
2013-11-19;3898;2;11-19;2013-11;;;0.0;0.0;0.0
2013-11-20;4223;3;11-20;2013-11;;;0.0;0.0;0.0
2013-11-21;4282;4;11-21;2013-11;;;0.0;0.0;0.0
2013-11-22;3865;5;11-22;2013-11;;;0.0;0.0;0.0
2013-11-23;2684;6;11-23;2013-11;;;0.0;0.0;0.0
2013-11-24;1553;7;11-24;2013-11;;;0.0;0.0;0.0
2013-11-25;4047;1;11-25;2013-11;;;0.0;0.0;0.0
2013-11-26;4552;2;11-26;2013-11;;;0.0;0.0;0.0
2013-11-27;4978;3;11-27;2013-11;;;0.0;0.0;0.0
2013-11-28;5144;4;11-28;2013-11;;;0.0;0.0;0.0
2013-11-29;4837;5;11-29;2013-11;;;0.0;0.0;0.0
2013-11-30;1977;6;11-30;2013-11;;;0.0;0.0;0.0
2013-12-01;1391;7;12-01;2013-12;;;0.0;0.0;0.0
2013-12-02;3946;1;12-02;2013-12;;;0.0;0.0;0.0
2013-12-03;4664;2;12-03;2013-12;;;0.0;0.0;0.0
2013-12-04;4640;3;12-04;2013-12;;;0.0;0.0;0.0
2013-12-05;3961;4;12-05;2013-12;;;0.0;0.0;0.0
2013-12-06;4608;5;12-06;2013-12;;;0.0;0.0;0.0
2013-12-07;2348;6;12-07;2013-12;;;0.0;0.0;0.0
2013-12-08;1695;7;12-08;2013-12;;;0.0;0.0;0.0
2013-12-09;4641;1;12-09;2013-12;;;0.0;0.0;0.0
2013-12-10;5296;2;12-10;2013-12;;;0.0;0.0;0.0
2013-12-11;3917;3;12-11;2013-12;;;0.0;0.0;0.0
2013-12-12;3465;4;12-12;2013-12;;;0.0;0.0;0.0
2013-12-13;3915;5;12-13;2013-12;;;0.0;0.0;0.0
2013-12-14;2719;6;12-14;2013-12;;;0.0;0.0;0.0
2013-12-15;2166;7;12-15;2013-12;;;0.0;0.0;0.0
2013-12-16;4378;1;12-16;2013-12;;;0.0;0.0;0.0
2013-12-17;3405;2;12-17;2013-12;;;0.0;0.0;0.0
2013-12-18;3611;3;12-18;2013-12;;;0.0;0.0;0.0
2013-12-19;3876;4;12-19;2013-12;;;0.0;0.0;0.0
2013-12-20;3894;5;12-20;2013-12;;;0.0;0.0;0.0
2013-12-21;3463;6;12-21;2013-12;;;0.0;1.0;0.0
2013-12-22;3163;7;12-22;2013-12;;;0.0;1.0;0.0
2013-12-23;5454;1;12-23;2013-12;;;0.0;1.0;0.0
2013-12-24;3557;2;12-24;2013-12;;;0.0;1.0;0.0
2013-12-25;2371;3;12-25;2013-12;;;0.0;1.0;1.0
2013-12-26;4560;4;12-26;2013-12;;;0.0;1.0;1.0
2013-12-27;6924;5;12-27;2013-12;;;0.0;1.0;0.0
2013-12-28;5663;6;12-28;2013-12;;;0.0;1.0;1.0
2013-12-29;4583;7;12-29;2013-12;;;0.0;1.0;0.0
2013-12-30;7325;1;12-30;2013-12;;;0.0;1.0;0.0
2013-12-31;5321;2;12-31;2013-12;;;0.0;1.0;0.0
2014-01-01;1327;3;01-01;2014-01;1494.0;7794.0;0.0;1.0;1.0
2014-01-02;3417;4;01-02;2014-01;2891.0;20074.0;0.0;1.0;0.0
2014-01-03;3178;5;01-03;2014-01;2790.0;17905.0;0.0;1.0;0.0
2014-01-04;1767;6;01-04;2014-01;2504.0;10880.0;0.0;0.0;0.0
2014-01-05;1374;7;01-05;2014-01;1522.0;8333.0;0.0;0.0;0.0
2014-01-06;1331;1;01-06;2014-01;965.0;7900.0;0.0;0.0;0.0
2014-01-07;2785;2;01-07;2014-01;1997.0;16468.0;0.0;0.0;0.0
2014-01-08;2893;3;01-08;2014-01;2068.0;17420.0;0.0;0.0;0.0
2014-01-09;3090;4;01-09;2014-01;1988.0;17943.0;0.0;0.0;0.0
2014-01-10;3151;5;01-10;2014-01;2761.0;19016.0;0.0;0.0;0.0
2014-01-11;1906;6;01-11;2014-01;1736.0;11060.0;0.0;0.0;0.0
2014-01-12;1263;7;01-12;2014-01;1432.0;7367.0;0.0;0.0;0.0
2014-01-13;3342;1;01-13;2014-01;2252.0;18513.0;0.0;0.0;0.0
2014-01-14;3117;2;01-14;2014-01;2829.0;18067.0;0.0;0.0;0.0
2014-01-15;3191;3;01-15;2014-01;1831.0;19101.0;0.0;0.0;0.0
2014-01-16;3153;4;01-16;2014-01;3229.0;18863.0;0.0;0.0;0.0
2014-01-17;3042;5;01-17;2014-01;2590.0;17735.0;0.0;0.0;0.0
2014-01-18;1874;6;01-18;2014-01;2824.0;10760.0;0.0;0.0;0.0
2014-01-19;1392;7;01-19;2014-01;1520.0;7870.0;0.0;0.0;0.0
2014-01-20;2734;1;01-20;2014-01;2526.0;15972.0;0.0;0.0;0.0
2014-01-21;2412;2;01-21;2014-01;2205.0;13781.0;0.0;0.0;0.0
2014-01-22;2219;3;01-22;2014-01;2058.0;12276.0;0.0;0.0;0.0
2014-01-23;2342;4;01-23;2014-01;1859.0;14834.0;0.0;0.0;0.0
2014-01-24;2280;5;01-24;2014-01;2244.0;13189.0;0.0;0.0;0.0
2014-01-25;1457;6;01-25;2014-01;2450.0;8144.0;0.0;0.0;0.0
2014-01-26;1112;7;01-26;2014-01;1383.0;6507.0;0.0;0.0;0.0
2014-01-27;2497;1;01-27;2014-01;3144.0;14561.0;0.0;0.0;0.0
2014-01-28;2340;2;01-28;2014-01;2490.0;12847.0;0.0;0.0;0.0
2014-01-29;2364;3;01-29;2014-01;2038.0;14625.0;0.0;0.0;0.0
2014-01-30;2285;4;01-30;2014-01;2593.0;13162.0;0.0;0.0;0.0
2014-01-31;2477;5;01-31;2014-01;2906.0;13759.0;0.0;0.0;0.0
2014-02-01;1600;6;02-01;2014-02;1360.0;9498.0;0.0;0.0;0.0
2014-02-02;1310;7;02-02;2014-02;1552.0;7815.0;0.0;0.0;0.0
2014-02-03;2673;1;02-03;2014-02;2135.0;15401.0;0.0;0.0;0.0
2014-02-04;2460;2;02-04;2014-02;2207.0;13840.0;0.0;0.0;0.0
2014-02-05;2491;3;02-05;2014-02;2636.0;14587.0;0.0;0.0;0.0
2014-02-06;2534;4;02-06;2014-02;2034.0;14325.0;0.0;0.0;0.0
2014-02-07;2487;5;02-07;2014-02;2192.0;13867.0;0.0;0.0;0.0
2014-02-08;1556;6;02-08;2014-02;1695.0;9019.0;0.0;0.0;0.0
2014-02-09;1203;7;02-09;2014-02;1178.0;6771.0;0.0;0.0;0.0
2014-02-10;2846;1;02-10;2014-02;2411.0;16353.0;0.0;0.0;0.0
2014-02-11;2515;2;02-11;2014-02;2101.0;14672.0;0.0;0.0;0.0
2014-02-12;2736;3;02-12;2014-02;1868.0;15025.0;0.0;0.0;0.0
2014-02-13;2659;4;02-13;2014-02;3172.0;15220.0;0.0;0.0;0.0
2014-02-14;2634;5;02-14;2014-02;2984.0;14546.0;0.0;0.0;0.0
2014-02-15;1792;6;02-15;2014-02;2770.0;10337.0;0.0;0.0;0.0
2014-02-16;1336;7;02-16;2014-02;1468.0;7622.0;0.0;0.0;0.0
2014-02-17;2910;1;02-17;2014-02;2448.0;17239.0;0.0;0.0;0.0
2014-02-18;2727;2;02-18;2014-02;1288.0;16420.0;0.0;0.0;0.0
2014-02-19;2713;3;02-19;2014-02;2300.0;14895.0;0.0;0.0;0.0
2014-02-20;2716;4;02-20;2014-02;2361.0;15834.0;0.0;0.0;0.0
2014-02-21;2724;5;02-21;2014-02;2621.0;16735.0;0.0;0.0;0.0
2014-02-22;1814;6;02-22;2014-02;2096.0;10785.0;0.0;0.0;0.0
2014-02-23;1352;7;02-23;2014-02;1163.0;7898.0;0.0;0.0;0.0
2014-02-24;3085;1;02-24;2014-02;2702.0;18223.0;0.0;0.0;0.0
2014-02-25;2766;2;02-25;2014-02;2542.0;15974.0;0.0;0.0;0.0
2014-02-26;2683;3;02-26;2014-02;1699.0;15350.0;0.0;0.0;0.0
2014-02-27;2764;4;02-27;2014-02;3213.0;18430.0;0.0;0.0;0.0
2014-02-28;2951;5;02-28;2014-02;3349.0;16408.0;0.0;0.0;0.0
2014-03-01;2026;6;03-01;2014-03;2846.0;11319.0;0.0;0.0;0.0
2014-03-02;1557;7;03-02;2014-03;1479.0;9363.0;0.0;0.0;0.0
2014-03-03;2938;1;03-03;2014-03;1513.0;16684.0;0.0;0.0;0.0
2014-03-04;2806;2;03-04;2014-03;2243.0;16655.0;0.0;0.0;0.0
2014-03-05;2917;3;03-05;2014-03;2975.0;17669.0;0.0;0.0;0.0
2014-03-06;2844;4;03-06;2014-03;2816.0;16723.0;0.0;0.0;0.0
2014-03-07;2820;5;03-07;2014-03;2210.0;16284.0;0.0;0.0;0.0
2014-03-08;1764;6;03-08;2014-03;3418.0;10798.0;0.0;0.0;0.0
2014-03-09;1305;7;03-09;2014-03;1441.0;7894.0;0.0;0.0;0.0
2014-03-10;3130;1;03-10;2014-03;2970.0;18416.0;0.0;0.0;0.0
2014-03-11;2930;2;03-11;2014-03;2028.0;17051.0;0.0;0.0;0.0
2014-03-12;2893;3;03-12;2014-03;2859.0;17058.0;0.0;0.0;0.0
2014-03-13;2898;4;03-13;2014-03;2688.0;17093.0;0.0;0.0;0.0
2014-03-14;2956;5;03-14;2014-03;2915.0;17090.0;0.0;0.0;0.0
2014-03-15;1951;6;03-15;2014-03;3028.0;11503.0;0.0;0.0;0.0
2014-03-16;1470;7;03-16;2014-03;1708.0;8523.0;0.0;0.0;0.0
2014-03-17;3463;1;03-17;2014-03;3298.0;18916.0;0.0;0.0;0.0
2014-03-18;3227;2;03-18;2014-03;2506.0;18670.0;0.0;0.0;0.0
2014-03-19;3084;3;03-19;2014-03;2325.0;18163.0;0.0;0.0;0.0
2014-03-20;2942;4;03-20;2014-03;3230.0;16366.0;0.0;0.0;0.0
2014-03-21;2942;5;03-21;2014-03;2015.0;16304.0;0.0;0.0;0.0
2014-03-22;2056;6;03-22;2014-03;3196.0;11517.0;0.0;0.0;0.0
2014-03-23;1627;7;03-23;2014-03;1076.0;9418.0;0.0;0.0;0.0
2014-03-24;3624;1;03-24;2014-03;3266.0;20517.0;0.0;0.0;0.0
2014-03-25;3822;2;03-25;2014-03;3599.0;21289.0;0.0;0.0;0.0
2014-03-26;3649;3;03-26;2014-03;3235.0;20211.0;0.0;0.0;0.0
2014-03-27;3776;4;03-27;2014-03;2914.0;23237.0;0.0;0.0;0.0
2014-03-28;3229;5;03-28;2014-03;2611.0;18447.0;0.0;0.0;0.0
2014-03-29;2171;6;03-29;2014-03;2744.0;12358.0;0.0;0.0;0.0
2014-03-30;1059;7;03-30;2014-03;1684.0;6559.0;0.0;0.0;1.0
2014-03-31;3522;1;03-31;2014-03;2294.0;20093.0;0.0;0.0;0.0
2014-04-01;3466;2;04-01;2014-04;2827.0;19429.0;0.0;0.0;0.0
2014-04-02;3685;3;04-02;2014-04;4088.0;21566.0;0.0;0.0;0.0
2014-04-03;3849;4;04-03;2014-04;4468.0;22780.0;0.0;0.0;0.0
2014-04-04;3732;5;04-04;2014-04;3588.0;20834.0;0.0;0.0;0.0
2014-04-05;2694;6;04-05;2014-04;3950.0;15450.0;0.0;0.0;0.0
2014-04-06;2221;7;04-06;2014-04;2518.0;13627.0;0.0;0.0;0.0
2014-04-07;4474;1;04-07;2014-04;2534.0;25860.0;0.0;0.0;0.0
2014-04-08;4117;2;04-08;2014-04;4223.0;22823.0;0.0;0.0;0.0
2014-04-09;4110;3;04-09;2014-04;3656.0;25809.0;0.0;0.0;0.0
2014-04-10;3922;4;04-10;2014-04;2653.0;23508.0;0.0;0.0;0.0
2014-04-11;3916;5;04-11;2014-04;2931.0;25179.0;0.0;0.0;0.0
2014-04-12;2878;6;04-12;2014-04;4031.0;17650.0;0.0;0.0;0.0
2014-04-13;2346;7;04-13;2014-04;1405.0;14580.0;0.0;0.0;0.0
2014-04-14;4852;1;04-14;2014-04;3014.0;27559.0;0.0;0.0;0.0
2014-04-15;4433;2;04-15;2014-04;3852.0;25150.0;0.0;0.0;0.0
2014-04-16;4578;3;04-16;2014-04;2416.0;27058.0;0.0;0.0;0.0
2014-04-17;4587;4;04-17;2014-04;4007.0;26834.0;0.0;0.0;0.0
2014-04-18;3357;5;04-18;2014-04;5726.0;18045.0;0.0;0.0;1.0
2014-04-19;3404;6;04-19;2014-04;4856.0;19806.0;0.0;0.0;0.0
2014-04-20;1950;7;04-20;2014-04;1968.0;10650.0;0.0;0.0;0.0
2014-04-21;1782;1;04-21;2014-04;2813.0;11221.0;0.0;0.0;1.0
2014-04-22;4893;2;04-22;2014-04;6178.0;29285.0;0.0;0.0;0.0
2014-04-23;3336;3;04-23;2014-04;4142.0;20508.0;0.0;0.0;1.0
2014-04-24;5130;4;04-24;2014-04;5278.0;28877.0;0.0;0.0;0.0
2014-04-25;3366;5;04-25;2014-04;8054.0;19130.0;0.0;0.0;0.0
2014-04-26;3160;6;04-26;2014-04;3556.0;19739.0;0.0;0.0;0.0
2014-04-27;2401;7;04-27;2014-04;2546.0;13875.0;0.0;0.0;0.0
2014-04-28;4942;1;04-28;2014-04;4293.0;29987.0;0.0;0.0;0.0
2014-04-29;4558;2;04-29;2014-04;4052.0;26435.0;0.0;0.0;0.0
2014-04-30;4924;3;04-30;2014-04;3435.0;30735.0;0.0;0.0;0.0
2014-05-01;3134;4;05-01;2014-05;3421.0;18633.0;0.0;0.0;0.0
2014-05-02;4376;5;05-02;2014-05;5443.0;26730.0;0.0;0.0;0.0
2014-05-03;2937;6;05-03;2014-05;3083.0;17565.0;0.0;0.0;0.0
2014-05-04;2118;7;05-04;2014-05;1212.0;12319.0;0.0;0.0;0.0
2014-05-05;2951;1;05-05;2014-05;3952.0;18055.0;0.0;0.0;1.0
2014-05-06;4060;2;05-06;2014-05;3162.0;22357.0;0.0;0.0;0.0
2014-05-07;4203;3;05-07;2014-05;2433.0;24513.0;0.0;0.0;0.0
2014-05-08;4221;4;05-08;2014-05;3331.0;24195.0;0.0;0.0;0.0
2014-05-09;3812;5;05-09;2014-05;4663.0;21763.0;0.0;0.0;0.0
2014-05-10;2800;6;05-10;2014-05;2912.0;15216.0;0.0;0.0;0.0
2014-05-11;1961;7;05-11;2014-05;1472.0;10991.0;0.0;0.0;0.0
2014-05-12;4337;1;05-12;2014-05;2183.0;27560.0;0.0;0.0;0.0
2014-05-13;4197;2;05-13;2014-05;2871.0;22547.0;0.0;0.0;0.0
2014-05-14;4355;3;05-14;2014-05;3306.0;25536.0;0.0;0.0;0.0
2014-05-15;4245;4;05-15;2014-05;4412.0;25025.0;0.0;0.0;0.0
2014-05-16;3999;5;05-16;2014-05;4208.0;23279.0;0.0;0.0;0.0
2014-05-17;2771;6;05-17;2014-05;3919.0;16556.0;0.0;0.0;0.0
2014-05-18;1970;7;05-18;2014-05;2073.0;11056.0;0.0;0.0;0.0
2014-05-19;4573;1;05-19;2014-05;4731.0;26560.0;0.0;0.0;0.0
2014-05-20;4380;2;05-20;2014-05;3178.0;26176.0;0.0;0.0;0.0
2014-05-21;4434;3;05-21;2014-05;4163.0;24844.0;0.0;0.0;0.0
2014-05-22;4223;4;05-22;2014-05;2553.0;25989.0;0.0;0.0;0.0
2014-05-23;4476;5;05-23;2014-05;3807.0;26896.0;0.0;0.0;0.0
2014-05-24;3064;6;05-24;2014-05;3402.0;16980.0;0.0;0.0;0.0
2014-05-25;2254;7;05-25;2014-05;2351.0;13471.0;0.0;0.0;0.0
2014-05-26;3423;1;05-26;2014-05;4050.0;21294.0;0.0;0.0;1.0
2014-05-27;4713;2;05-27;2014-05;4579.0;28121.0;0.0;0.0;0.0
2014-05-28;5129;3;05-28;2014-05;3466.0;30438.0;0.0;0.0;0.0
2014-05-29;5479;4;05-29;2014-05;5159.0;31737.0;0.0;0.0;0.0
2014-05-30;5366;5;05-30;2014-05;3806.0;30460.0;0.0;0.0;0.0
2014-05-31;4313;6;05-31;2014-05;4737.0;25393.0;0.0;0.0;0.0
2014-06-01;2954;7;06-01;2014-06;3534.0;18044.0;0.0;0.0;0.0
2014-06-02;3572;1;06-02;2014-06;4050.0;21140.0;0.0;0.0;0.0
2014-06-03;6612;2;06-03;2014-06;4819.0;40425.0;0.0;0.0;0.0
2014-06-04;6414;3;06-04;2014-06;4707.0;38314.0;0.0;0.0;0.0
2014-06-05;6685;4;06-05;2014-06;6178.0;36745.0;0.0;0.0;0.0
2014-06-06;6728;5;06-06;2014-06;3476.0;42859.0;0.0;0.0;0.0
2014-06-07;4543;6;06-07;2014-06;4235.0;25497.0;0.0;0.0;0.0
2014-06-08;3625;7;06-08;2014-06;2412.0;21543.0;0.0;0.0;0.0
2014-06-09;7244;1;06-09;2014-06;5262.0;39979.0;0.0;0.0;0.0
2014-06-10;7088;2;06-10;2014-06;4406.0;39656.0;0.0;0.0;0.0
2014-06-11;7211;3;06-11;2014-06;6620.0;44881.0;0.0;0.0;0.0
2014-06-12;5221;4;06-12;2014-06;4715.0;29105.0;0.0;0.0;0.0
2014-06-13;4399;5;06-13;2014-06;3074.0;24980.0;0.0;0.0;0.0
2014-06-14;3355;6;06-14;2014-06;3465.0;18379.0;0.0;0.0;0.0
2014-06-15;2805;7;06-15;2014-06;2864.0;15911.0;0.0;0.0;0.0
2014-06-16;5211;1;06-16;2014-06;3052.0;30226.0;0.0;0.0;0.0
2014-06-17;4949;2;06-17;2014-06;4106.0;29640.0;0.0;0.0;0.0
2014-06-18;5135;3;06-18;2014-06;4383.0;30075.0;0.0;0.0;0.0
2014-06-19;4898;4;06-19;2014-06;5778.0;27155.0;0.0;0.0;0.0
2014-06-20;4567;5;06-20;2014-06;4953.0;29111.0;0.0;0.0;0.0
2014-06-21;3592;6;06-21;2014-06;4434.0;20366.0;0.0;0.0;0.0
2014-06-22;2860;7;06-22;2014-06;3272.0;16562.0;0.0;0.0;0.0
2014-06-23;6599;1;06-23;2014-06;5415.0;39047.0;0.0;0.0;0.0
2014-06-24;4724;2;06-24;2014-06;3693.0;27848.0;0.0;0.0;0.0
2014-06-25;5219;3;06-25;2014-06;4471.0;30538.0;0.0;0.0;0.0
2014-06-26;5157;4;06-26;2014-06;5690.0;31170.0;0.0;0.0;0.0
2014-06-27;4789;5;06-27;2014-06;4510.0;28093.0;0.0;0.0;0.0
2014-06-28;3435;6;06-28;2014-06;4512.0;19932.0;0.0;0.0;0.0
2014-06-29;2727;7;06-29;2014-06;2200.0;14851.0;0.0;0.0;0.0
2014-06-30;5549;1;06-30;2014-06;3843.0;31851.0;1.0;0.0;0.0
2014-07-01;5655;2;07-01;2014-07;4590.0;32606.0;1.0;0.0;0.0
2014-07-02;5401;3;07-02;2014-07;6285.0;32295.0;1.0;0.0;0.0
2014-07-03;5291;4;07-03;2014-07;3894.0;29581.0;1.0;0.0;0.0
2014-07-04;5302;5;07-04;2014-07;5829.0;30144.0;1.0;0.0;0.0
2014-07-05;4173;6;07-05;2014-07;5431.0;24157.0;1.0;0.0;0.0
2014-07-06;3535;7;07-06;2014-07;3426.0;20898.0;1.0;0.0;0.0
2014-07-07;6167;1;07-07;2014-07;5915.0;36524.0;1.0;0.0;0.0
2014-07-08;5869;2;07-08;2014-07;4597.0;33938.0;1.0;0.0;0.0
2014-07-09;5816;3;07-09;2014-07;4802.0;34599.0;1.0;0.0;0.0
2014-07-10;6090;4;07-10;2014-07;5728.0;36182.0;1.0;0.0;0.0
2014-07-11;5871;5;07-11;2014-07;4378.0;35915.0;1.0;0.0;0.0
2014-07-12;4432;6;07-12;2014-07;5929.0;26687.0;1.0;0.0;0.0
2014-07-13;3577;7;07-13;2014-07;3140.0;20907.0;1.0;0.0;0.0
2014-07-14;6553;1;07-14;2014-07;6936.0;38016.0;1.0;0.0;0.0
2014-07-15;6149;2;07-15;2014-07;4081.0;36359.0;1.0;0.0;0.0
2014-07-16;6127;3;07-16;2014-07;5816.0;36258.0;1.0;0.0;0.0
2014-07-17;6111;4;07-17;2014-07;5052.0;37130.0;1.0;0.0;0.0
2014-07-18;6129;5;07-18;2014-07;8736.0;34515.0;1.0;0.0;0.0
2014-07-19;4754;6;07-19;2014-07;5537.0;27831.0;1.0;0.0;0.0
2014-07-20;4004;7;07-20;2014-07;3435.0;23742.0;1.0;0.0;0.0
2014-07-21;6865;1;07-21;2014-07;5349.0;39620.0;1.0;0.0;0.0
2014-07-22;8218;2;07-22;2014-07;6283.0;51266.0;1.0;0.0;0.0
2014-07-23;8590;3;07-23;2014-07;6906.0;49922.0;1.0;0.0;0.0
2014-07-24;8654;4;07-24;2014-07;7521.0;52600.0;1.0;0.0;0.0
2014-07-25;7905;5;07-25;2014-07;8593.0;50423.0;1.0;0.0;0.0
2014-07-26;5265;6;07-26;2014-07;5370.0;30140.0;1.0;0.0;0.0
2014-07-27;4244;7;07-27;2014-07;4846.0;23685.0;1.0;0.0;0.0
2014-07-28;6912;1;07-28;2014-07;8683.0;40511.0;1.0;0.0;0.0
2014-07-29;6651;2;07-29;2014-07;4496.0;36714.0;1.0;0.0;0.0
2014-07-30;6977;3;07-30;2014-07;6236.0;41216.0;1.0;0.0;0.0
2014-07-31;6707;4;07-31;2014-07;6376.0;36377.0;1.0;0.0;0.0
2014-08-01;7103;5;08-01;2014-08;5369.0;40389.0;1.0;0.0;0.0
2014-08-02;5445;6;08-02;2014-08;5978.0;30984.0;1.0;0.0;0.0
2014-08-03;4870;7;08-03;2014-08;4731.0;27682.0;1.0;0.0;0.0
2014-08-04;7803;1;08-04;2014-08;10510.0;44435.0;1.0;0.0;0.0
2014-08-05;7697;2;08-05;2014-08;7812.0;43327.0;1.0;0.0;0.0
2014-08-06;8159;3;08-06;2014-08;8475.0;45438.0;1.0;0.0;0.0
2014-08-07;7988;4;08-07;2014-08;9317.0;48003.0;1.0;0.0;0.0
2014-08-08;8025;5;08-08;2014-08;11372.0;45668.0;1.0;0.0;0.0
2014-08-09;7484;6;08-09;2014-08;12406.0;41553.0;1.0;0.0;0.0
2014-08-10;6082;7;08-10;2014-08;8866.0;36534.0;1.0;0.0;0.0
2014-08-11;9716;1;08-11;2014-08;11664.0;56758.0;1.0;0.0;0.0
2014-08-12;9713;2;08-12;2014-08;11940.0;59441.0;1.0;0.0;0.0
2014-08-13;9795;3;08-13;2014-08;7678.0;59628.0;1.0;0.0;0.0
2014-08-14;9862;4;08-14;2014-08;11193.0;58021.0;1.0;0.0;0.0
2014-08-15;5865;5;08-15;2014-08;6268.0;36794.0;1.0;0.0;0.0
2014-08-16;6790;6;08-16;2014-08;7485.0;40767.0;1.0;0.0;0.0
2014-08-17;5647;7;08-17;2014-08;9242.0;35043.0;1.0;0.0;0.0
2014-08-18;7818;1;08-18;2014-08;11408.0;48873.0;1.0;0.0;0.0
2014-08-19;6783;2;08-19;2014-08;4734.0;38698.0;1.0;0.0;0.0
2014-08-20;6716;3;08-20;2014-08;6354.0;38345.0;1.0;0.0;0.0
2014-08-21;6523;4;08-21;2014-08;7243.0;38500.0;1.0;0.0;0.0
2014-08-22;6148;5;08-22;2014-08;7636.0;33885.0;1.0;0.0;0.0
2014-08-23;5077;6;08-23;2014-08;7576.0;31231.0;1.0;0.0;0.0
2014-08-24;3803;7;08-24;2014-08;4602.0;21417.0;1.0;0.0;0.0
2014-08-25;4303;1;08-25;2014-08;8410.0;25223.0;1.0;0.0;1.0
2014-08-26;5640;2;08-26;2014-08;5530.0;31032.0;1.0;0.0;0.0
2014-08-27;5450;3;08-27;2014-08;5261.0;31130.0;1.0;0.0;0.0
2014-08-28;5374;4;08-28;2014-08;5129.0;30515.0;1.0;0.0;0.0
2014-08-29;5481;5;08-29;2014-08;7092.0;36489.0;1.0;0.0;0.0
2014-08-30;3469;6;08-30;2014-08;4062.0;20696.0;0.0;0.0;0.0
2014-08-31;2858;7;08-31;2014-08;2918.0;17465.0;0.0;0.0;0.0
2014-09-01;5387;1;09-01;2014-09;3587.0;31878.0;0.0;0.0;0.0
2014-09-02;5157;2;09-02;2014-09;4757.0;28496.0;0.0;0.0;0.0
2014-09-03;5053;3;09-03;2014-09;3505.0;30028.0;0.0;0.0;0.0
2014-09-04;5480;4;09-04;2014-09;4057.0;33817.0;0.0;0.0;0.0
2014-09-05;5699;5;09-05;2014-09;7471.0;31782.0;0.0;0.0;0.0
2014-09-06;4374;6;09-06;2014-09;5731.0;26236.0;0.0;0.0;0.0
2014-09-07;2896;7;09-07;2014-09;2784.0;18076.0;0.0;0.0;0.0
2014-09-08;5286;1;09-08;2014-09;3454.0;30075.0;0.0;0.0;0.0
2014-09-09;5106;2;09-09;2014-09;5661.0;29640.0;0.0;0.0;0.0
2014-09-10;5330;3;09-10;2014-09;5589.0;30838.0;0.0;0.0;0.0
2014-09-11;5326;4;09-11;2014-09;5394.0;31020.0;0.0;0.0;0.0
2014-09-12;5290;5;09-12;2014-09;5480.0;29285.0;0.0;0.0;0.0
2014-09-13;3886;6;09-13;2014-09;4288.0;22644.0;0.0;0.0;0.0
2014-09-14;2828;7;09-14;2014-09;2647.0;15262.0;0.0;0.0;0.0
2014-09-15;5207;1;09-15;2014-09;5389.0;29890.0;0.0;0.0;0.0
2014-09-16;4855;2;09-16;2014-09;3330.0;30158.0;0.0;0.0;0.0
2014-09-17;5125;3;09-17;2014-09;3530.0;28494.0;0.0;0.0;0.0
2014-09-18;4999;4;09-18;2014-09;3618.0;27807.0;0.0;0.0;0.0
2014-09-19;5030;5;09-19;2014-09;3734.0;30574.0;0.0;0.0;0.0
2014-09-20;3858;6;09-20;2014-09;4597.0;22574.0;0.0;0.0;0.0
2014-09-21;2982;7;09-21;2014-09;3842.0;17099.0;0.0;0.0;0.0
2014-09-22;5098;1;09-22;2014-09;4490.0;30239.0;0.0;0.0;0.0
2014-09-23;4878;2;09-23;2014-09;4150.0;26653.0;0.0;0.0;0.0
2014-09-24;4987;3;09-24;2014-09;3448.0;31506.0;0.0;0.0;0.0
2014-09-25;4823;4;09-25;2014-09;3763.0;28063.0;0.0;0.0;0.0
2014-09-26;4747;5;09-26;2014-09;5949.0;26847.0;0.0;0.0;0.0
2014-09-27;3636;6;09-27;2014-09;4052.0;20311.0;0.0;0.0;0.0
2014-09-28;2588;7;09-28;2014-09;2145.0;14797.0;0.0;0.0;0.0
2014-09-29;4560;1;09-29;2014-09;3776.0;26698.0;0.0;0.0;0.0
2014-09-30;4289;2;09-30;2014-09;3181.0;25527.0;0.0;0.0;0.0
2014-10-01;4561;3;10-01;2014-10;2995.0;25828.0;0.0;0.0;0.0
2014-10-02;4489;4;10-02;2014-10;3190.0;28140.0;0.0;0.0;0.0
2014-10-03;4597;5;10-03;2014-10;3690.0;26754.0;0.0;0.0;0.0
2014-10-04;3369;6;10-04;2014-10;4576.0;18774.0;0.0;0.0;0.0
2014-10-05;2438;7;10-05;2014-10;2203.0;14287.0;0.0;0.0;0.0
2014-10-06;4317;1;10-06;2014-10;3621.0;23719.0;0.0;0.0;0.0
2014-10-07;4231;2;10-07;2014-10;3435.0;24559.0;0.0;0.0;0.0
2014-10-08;4799;3;10-08;2014-10;4880.0;25710.0;0.0;0.0;0.0
2014-10-09;4343;4;10-09;2014-10;5403.0;22192.0;0.0;0.0;0.0
2014-10-10;4544;5;10-10;2014-10;3777.0;27779.0;0.0;0.0;0.0
2014-10-11;3449;6;10-11;2014-10;3624.0;20340.0;0.0;0.0;0.0
2014-10-12;2339;7;10-12;2014-10;2392.0;15022.0;0.0;0.0;0.0
2014-10-13;4395;1;10-13;2014-10;2763.0;26469.0;0.0;0.0;0.0
2014-10-14;4131;2;10-14;2014-10;3653.0;24638.0;0.0;0.0;0.0
2014-10-15;4220;3;10-15;2014-10;3368.0;24914.0;0.0;0.0;0.0
2014-10-16;3990;4;10-16;2014-10;3711.0;23240.0;0.0;0.0;0.0
2014-10-17;3863;5;10-17;2014-10;3951.0;22293.0;0.0;0.0;0.0
2014-10-18;2793;6;10-18;2014-10;3059.0;16015.0;0.0;0.0;0.0
2014-10-19;2115;7;10-19;2014-10;2132.0;11974.0;0.0;0.0;0.0
2014-10-20;4009;1;10-20;2014-10;3985.0;23232.0;0.0;0.0;0.0
2014-10-21;3813;2;10-21;2014-10;3236.0;23331.0;0.0;0.0;0.0
2014-10-22;3751;3;10-22;2014-10;2868.0;21651.0;0.0;0.0;0.0
2014-10-23;3733;4;10-23;2014-10;2983.0;20639.0;0.0;0.0;0.0
2014-10-24;3686;5;10-24;2014-10;1831.0;22691.0;0.0;0.0;0.0
2014-10-25;2524;6;10-25;2014-10;2981.0;14634.0;0.0;0.0;0.0
2014-10-26;1372;7;10-26;2014-10;1794.0;8611.0;0.0;0.0;1.0
2014-10-27;3531;1;10-27;2014-10;3006.0;20552.0;0.0;0.0;0.0
2014-10-28;3303;2;10-28;2014-10;3015.0;18193.0;0.0;0.0;0.0
2014-10-29;3378;3;10-29;2014-10;2836.0;19212.0;0.0;0.0;0.0
2014-10-30;3565;4;10-30;2014-10;2912.0;21579.0;0.0;0.0;0.0
2014-10-31;2522;5;10-31;2014-10;4559.0;13011.0;0.0;0.0;1.0
2014-11-01;2344;6;11-01;2014-11;4789.0;13630.0;0.0;0.0;0.0
2014-11-02;1803;7;11-02;2014-11;1746.0;10480.0;0.0;0.0;0.0
2014-11-03;3505;1;11-03;2014-11;2286.0;20241.0;0.0;0.0;0.0
2014-11-04;3237;2;11-04;2014-11;3073.0;19844.0;0.0;0.0;0.0
2014-11-05;2344;3;11-05;2014-11;3224.0;14078.0;0.0;0.0;1.0
2014-11-06;3457;4;11-06;2014-11;3139.0;20837.0;0.0;0.0;0.0
2014-11-07;3492;5;11-07;2014-11;4297.0;20274.0;0.0;0.0;0.0
2014-11-08;2306;6;11-08;2014-11;2361.0;13714.0;0.0;0.0;0.0
2014-11-09;1257;7;11-09;2014-11;2125.0;7668.0;0.0;0.0;1.0
2014-11-10;3558;1;11-10;2014-11;3469.0;20730.0;0.0;0.0;0.0
2014-11-11;3200;2;11-11;2014-11;2318.0;18069.0;0.0;0.0;0.0
2014-11-12;3301;3;11-12;2014-11;2483.0;19798.0;0.0;0.0;0.0
2014-11-13;3315;4;11-13;2014-11;2817.0;19629.0;0.0;0.0;0.0
2014-11-14;3255;5;11-14;2014-11;3718.0;19030.0;0.0;0.0;0.0
2014-11-15;2320;6;11-15;2014-11;2718.0;13874.0;0.0;0.0;0.0
2014-11-16;1490;7;11-16;2014-11;1706.0;8629.0;0.0;0.0;0.0
2014-11-17;3403;1;11-17;2014-11;2960.0;21096.0;0.0;0.0;0.0
2014-11-18;3603;2;11-18;2014-11;3093.0;22106.0;0.0;0.0;0.0
2014-11-19;3286;3;11-19;2014-11;2230.0;19909.0;0.0;0.0;0.0
2014-11-20;3380;4;11-20;2014-11;3563.0;18423.0;0.0;0.0;0.0
2014-11-21;3014;5;11-21;2014-11;3223.0;16152.0;0.0;0.0;0.0
2014-11-22;2115;6;11-22;2014-11;3480.0;13142.0;0.0;0.0;0.0
2014-11-23;1652;7;11-23;2014-11;1865.0;9022.0;0.0;0.0;0.0
2014-11-24;3458;1;11-24;2014-11;1923.0;20860.0;0.0;0.0;0.0
2014-11-25;3438;2;11-25;2014-11;3014.0;19865.0;0.0;0.0;0.0
2014-11-26;3556;3;11-26;2014-11;3231.0;20472.0;0.0;0.0;0.0
2014-11-27;3718;4;11-27;2014-11;3119.0;22120.0;0.0;0.0;0.0
2014-11-28;3617;5;11-28;2014-11;2848.0;20857.0;0.0;0.0;0.0
2014-11-29;2309;6;11-29;2014-11;2464.0;13426.0;0.0;0.0;0.0
2014-11-30;1795;7;11-30;2014-11;1876.0;10465.0;0.0;0.0;0.0
2014-12-01;4380;1;12-01;2014-12;3400.0;25810.0;0.0;0.0;0.0
2014-12-02;3706;2;12-02;2014-12;3024.0;20989.0;0.0;0.0;0.0
2014-12-03;4083;3;12-03;2014-12;3765.0;22571.0;0.0;0.0;0.0
2014-12-04;3877;4;12-04;2014-12;2950.0;21310.0;0.0;0.0;0.0
2014-12-05;4175;5;12-05;2014-12;4839.0;24787.0;0.0;0.0;0.0
2014-12-06;3138;6;12-06;2014-12;3132.0;17686.0;0.0;0.0;0.0
2014-12-07;2046;7;12-07;2014-12;1885.0;11617.0;0.0;0.0;0.0
2014-12-08;2007;1;12-08;2014-12;2265.0;11194.0;0.0;0.0;0.0
2014-12-09;3525;2;12-09;2014-12;2740.0;19826.0;0.0;0.0;0.0
2014-12-10;3368;3;12-10;2014-12;2635.0;20296.0;0.0;0.0;0.0
2014-12-11;3604;4;12-11;2014-12;3384.0;21990.0;0.0;0.0;0.0
2014-12-12;3677;5;12-12;2014-12;2981.0;21941.0;0.0;0.0;0.0
2014-12-13;2534;6;12-13;2014-12;2908.0;15487.0;0.0;0.0;0.0
2014-12-14;1799;7;12-14;2014-12;2087.0;10614.0;0.0;0.0;0.0
2014-12-15;3575;1;12-15;2014-12;4680.0;19984.0;0.0;0.0;0.0
2014-12-16;3206;2;12-16;2014-12;2427.0;18501.0;0.0;0.0;0.0
2014-12-17;3109;3;12-17;2014-12;2601.0;18315.0;0.0;0.0;0.0
2014-12-18;3196;4;12-18;2014-12;3463.0;19873.0;0.0;0.0;0.0
2014-12-19;3179;5;12-19;2014-12;3164.0;17983.0;0.0;0.0;0.0
2014-12-20;2283;6;12-20;2014-12;2774.0;12986.0;0.0;0.0;0.0
2014-12-21;1967;7;12-21;2014-12;1381.0;11399.0;0.0;0.0;0.0
2014-12-22;4095;1;12-22;2014-12;5035.0;23745.0;0.0;1.0;0.0
2014-12-23;3926;2;12-23;2014-12;3755.0;24260.0;0.0;1.0;0.0
2014-12-24;3299;3;12-24;2014-12;4520.0;21111.0;0.0;1.0;0.0
2014-12-25;1435;4;12-25;2014-12;2197.0;8493.0;0.0;1.0;1.0
2014-12-26;2612;5;12-26;2014-12;5151.0;14199.0;0.0;1.0;1.0
2014-12-27;4495;6;12-27;2014-12;7511.0;24389.0;0.0;1.0;0.0
2014-12-28;4083;7;12-28;2014-12;6418.0;23448.0;0.0;1.0;0.0
2014-12-29;5921;1;12-29;2014-12;3598.0;33729.0;0.0;1.0;0.0
2014-12-30;5910;2;12-30;2014-12;3654.0;33409.0;0.0;1.0;0.0
2014-12-31;4757;3;12-31;2014-12;4418.0;31580.0;0.0;1.0;0.0
2015-01-01;1915;4;01-01;2015-01;2421.0;11157.0;0.0;1.0;1.0
2015-01-02;4410;5;01-02;2015-01;5857.0;26423.0;0.0;1.0;0.0
2015-01-03;2853;6;01-03;2015-01;4425.0;15957.0;0.0;0.0;0.0
2015-01-04;1995;7;01-04;2015-01;2614.0;11371.0;0.0;0.0;0.0
2015-01-05;2948;1;01-05;2015-01;2885.0;16653.0;0.0;0.0;0.0
2015-01-06;1817;2;01-06;2015-01;2160.0;11158.0;0.0;0.0;0.0
2015-01-07;3263;3;01-07;2015-01;2767.0;19209.0;0.0;0.0;0.0
2015-01-08;2872;4;01-08;2015-01;2711.0;16695.0;0.0;0.0;0.0
2015-01-09;3214;5;01-09;2015-01;2551.0;18707.0;0.0;0.0;0.0
2015-01-10;2475;6;01-10;2015-01;2505.0;14272.0;0.0;0.0;0.0
2015-01-11;1607;7;01-11;2015-01;1419.0;9816.0;0.0;0.0;0.0
2015-01-12;3427;1;01-12;2015-01;2621.0;19963.0;0.0;0.0;0.0
2015-01-13;3139;2;01-13;2015-01;2746.0;18570.0;0.0;0.0;0.0
2015-01-14;3319;3;01-14;2015-01;2642.0;19691.0;0.0;0.0;0.0
2015-01-15;3366;4;01-15;2015-01;2895.0;20498.0;0.0;0.0;0.0
2015-01-16;3483;5;01-16;2015-01;3461.0;20231.0;0.0;0.0;0.0
2015-01-17;2193;6;01-17;2015-01;2306.0;12684.0;0.0;0.0;0.0
2015-01-18;1671;7;01-18;2015-01;1498.0;9510.0;0.0;0.0;0.0
2015-01-19;3821;1;01-19;2015-01;2440.0;20893.0;0.0;0.0;0.0
2015-01-20;4319;2;01-20;2015-01;4385.0;23874.0;0.0;0.0;0.0
2015-01-21;3390;3;01-21;2015-01;3628.0;20367.0;0.0;0.0;0.0
2015-01-22;3515;4;01-22;2015-01;3178.0;19560.0;0.0;0.0;0.0
2015-01-23;3150;5;01-23;2015-01;3369.0;19326.0;0.0;0.0;0.0
2015-01-24;2180;6;01-24;2015-01;2546.0;13896.0;0.0;0.0;0.0
2015-01-25;1715;7;01-25;2015-01;1653.0;9530.0;0.0;0.0;0.0
2015-01-26;4024;1;01-26;2015-01;2608.0;23807.0;0.0;0.0;0.0
2015-01-27;3500;2;01-27;2015-01;3172.0;21480.0;0.0;0.0;0.0
2015-01-28;3441;3;01-28;2015-01;3103.0;20318.0;0.0;0.0;0.0
2015-01-29;3427;4;01-29;2015-01;4052.0;19521.0;0.0;0.0;0.0
2015-01-30;3336;5;01-30;2015-01;3193.0;19962.0;0.0;0.0;0.0
2015-01-31;2109;6;01-31;2015-01;2540.0;12492.0;0.0;0.0;0.0
2015-02-01;1674;7;02-01;2015-02;1267.0;8950.0;0.0;0.0;0.0
2015-02-02;3596;1;02-02;2015-02;3334.0;21629.0;0.0;0.0;0.0
2015-02-03;3404;2;02-03;2015-02;3010.0;20076.0;0.0;0.0;0.0
2015-02-04;3602;3;02-04;2015-02;2874.0;21718.0;0.0;0.0;0.0
2015-02-05;3578;4;02-05;2015-02;2514.0;19945.0;0.0;0.0;0.0
2015-02-06;4074;5;02-06;2015-02;3556.0;23235.0;0.0;0.0;0.0
2015-02-07;2519;6;02-07;2015-02;2539.0;15402.0;0.0;0.0;0.0
2015-02-08;1864;7;02-08;2015-02;1766.0;10925.0;0.0;0.0;0.0
2015-02-09;3960;1;02-09;2015-02;3794.0;22020.0;0.0;0.0;0.0
2015-02-10;3720;2;02-10;2015-02;2133.0;23131.0;0.0;0.0;0.0
2015-02-11;3793;3;02-11;2015-02;2678.0;21643.0;0.0;0.0;0.0
2015-02-12;3814;4;02-12;2015-02;3502.0;21319.0;0.0;0.0;0.0
2015-02-13;3901;5;02-13;2015-02;4291.0;21161.0;0.0;0.0;0.0
2015-02-14;2799;6;02-14;2015-02;3430.0;15953.0;0.0;0.0;0.0
2015-02-15;2049;7;02-15;2015-02;1770.0;12052.0;0.0;0.0;0.0
2015-02-16;3621;1;02-16;2015-02;2626.0;21578.0;0.0;0.0;0.0
2015-02-17;3585;2;02-17;2015-02;2940.0;21015.0;0.0;0.0;0.0
2015-02-18;3473;3;02-18;2015-02;3725.0;19702.0;0.0;0.0;0.0
2015-02-19;3500;4;02-19;2015-02;3924.0;19544.0;0.0;0.0;0.0
2015-02-20;3512;5;02-20;2015-02;2754.0;20909.0;0.0;0.0;0.0
2015-02-21;2425;6;02-21;2015-02;2451.0;13919.0;0.0;0.0;0.0
2015-02-22;1912;7;02-22;2015-02;1636.0;10601.0;0.0;0.0;0.0
2015-02-23;3997;1;02-23;2015-02;3492.0;22232.0;0.0;0.0;0.0
2015-02-24;4103;2;02-24;2015-02;3741.0;23248.0;0.0;0.0;0.0
2015-02-25;3790;3;02-25;2015-02;3993.0;23725.0;0.0;0.0;0.0
2015-02-26;3666;4;02-26;2015-02;3759.0;21312.0;0.0;0.0;0.0
2015-02-27;3434;5;02-27;2015-02;4097.0;20834.0;0.0;0.0;0.0
2015-02-28;2543;6;02-28;2015-02;3249.0;16561.0;0.0;0.0;0.0
2015-03-01;1899;7;03-01;2015-03;2015.0;11076.0;0.0;0.0;0.0
2015-03-02;3987;1;03-02;2015-03;2531.0;23030.0;0.0;0.0;0.0
2015-03-03;3735;2;03-03;2015-03;2476.0;23232.0;0.0;0.0;0.0
2015-03-04;3870;3;03-04;2015-03;2384.0;22508.0;0.0;0.0;0.0
2015-03-05;4063;4;03-05;2015-03;3527.0;24321.0;0.0;0.0;0.0
2015-03-06;3851;5;03-06;2015-03;3288.0;23427.0;0.0;0.0;0.0
2015-03-07;2563;6;03-07;2015-03;3221.0;14526.0;0.0;0.0;0.0
2015-03-08;2044;7;03-08;2015-03;2449.0;12267.0;0.0;0.0;0.0
2015-03-09;4143;1;03-09;2015-03;3152.0;23568.0;0.0;0.0;0.0
2015-03-10;4044;2;03-10;2015-03;1809.0;23239.0;0.0;0.0;0.0
2015-03-11;4070;3;03-11;2015-03;3622.0;23477.0;0.0;0.0;0.0
2015-03-12;4471;4;03-12;2015-03;3957.0;26535.0;0.0;0.0;0.0
2015-03-13;3965;5;03-13;2015-03;5144.0;23245.0;0.0;0.0;0.0
2015-03-14;2752;6;03-14;2015-03;2522.0;14906.0;0.0;0.0;0.0
2015-03-15;2203;7;03-15;2015-03;2507.0;12963.0;0.0;0.0;0.0
2015-03-16;4622;1;03-16;2015-03;4044.0;25592.0;0.0;0.0;0.0
2015-03-17;4265;2;03-17;2015-03;3888.0;24507.0;0.0;0.0;0.0
2015-03-18;4137;3;03-18;2015-03;3025.0;23035.0;0.0;0.0;0.0
2015-03-19;4208;4;03-19;2015-03;4620.0;25029.0;0.0;0.0;0.0
2015-03-20;4382;5;03-20;2015-03;4693.0;26375.0;0.0;0.0;0.0
2015-03-21;3273;6;03-21;2015-03;5319.0;18979.0;0.0;0.0;0.0
2015-03-22;2451;7;03-22;2015-03;3152.0;14091.0;0.0;0.0;0.0
2015-03-23;4720;1;03-23;2015-03;5160.0;28515.0;0.0;0.0;0.0
2015-03-24;4435;2;03-24;2015-03;3679.0;25894.0;0.0;0.0;0.0
2015-03-25;4759;3;03-25;2015-03;3767.0;26974.0;0.0;0.0;0.0
2015-03-26;4348;4;03-26;2015-03;4115.0;24678.0;0.0;0.0;0.0
2015-03-27;4521;5;03-27;2015-03;4599.0;26413.0;0.0;0.0;0.0
2015-03-28;3331;6;03-28;2015-03;4296.0;18802.0;0.0;0.0;0.0
2015-03-29;1774;7;03-29;2015-03;2576.0;11005.0;0.0;0.0;1.0
2015-03-30;5503;1;03-30;2015-03;5213.0;28714.0;0.0;0.0;0.0
2015-03-31;5487;2;03-31;2015-03;3897.0;32786.0;0.0;0.0;0.0
2015-04-01;5871;3;04-01;2015-04;5487.0;34881.0;0.0;0.0;0.0
2015-04-02;6228;4;04-02;2015-04;3198.0;36723.0;0.0;0.0;0.0
2015-04-03;4174;5;04-03;2015-04;7843.0;23899.0;0.0;0.0;1.0
2015-04-04;4609;6;04-04;2015-04;4760.0;26600.0;0.0;0.0;0.0
2015-04-05;2946;7;04-05;2015-04;2735.0;17479.0;0.0;0.0;0.0
2015-04-06;2191;1;04-06;2015-04;3012.0;11982.0;0.0;0.0;1.0
2015-04-07;5855;2;04-07;2015-04;3762.0;33173.0;0.0;0.0;0.0
2015-04-08;5595;3;04-08;2015-04;3291.0;31837.0;0.0;0.0;0.0
2015-04-09;5668;4;04-09;2015-04;3719.0;34039.0;0.0;0.0;0.0
2015-04-10;5618;5;04-10;2015-04;6479.0;32424.0;0.0;0.0;0.0
2015-04-11;3721;6;04-11;2015-04;2637.0;20905.0;0.0;0.0;0.0
2015-04-12;2875;7;04-12;2015-04;2780.0;16061.0;0.0;0.0;0.0
2015-04-13;6191;1;04-13;2015-04;5991.0;33486.0;0.0;0.0;0.0
2015-04-14;5842;2;04-14;2015-04;5152.0;32171.0;0.0;0.0;0.0
2015-04-15;6024;3;04-15;2015-04;3994.0;34979.0;0.0;0.0;0.0
2015-04-16;5860;4;04-16;2015-04;5126.0;37633.0;0.0;0.0;0.0
2015-04-17;6085;5;04-17;2015-04;5440.0;36674.0;0.0;0.0;0.0
2015-04-18;4380;6;04-18;2015-04;4902.0;25078.0;0.0;0.0;0.0
2015-04-19;3060;7;04-19;2015-04;2658.0;18133.0;0.0;0.0;0.0
2015-04-20;6132;1;04-20;2015-04;4472.0;34542.0;0.0;0.0;0.0
2015-04-21;5923;2;04-21;2015-04;4248.0;34886.0;0.0;0.0;0.0
2015-04-22;6110;3;04-22;2015-04;4654.0;35204.0;0.0;0.0;0.0
2015-04-23;4366;4;04-23;2015-04;6507.0;25383.0;0.0;0.0;1.0
2015-04-24;6101;5;04-24;2015-04;3572.0;36671.0;0.0;0.0;0.0
2015-04-25;4088;6;04-25;2015-04;6484.0;23419.0;0.0;0.0;0.0
2015-04-26;3474;7;04-26;2015-04;2423.0;20190.0;0.0;0.0;0.0
2015-04-27;7270;1;04-27;2015-04;5662.0;43686.0;0.0;0.0;0.0
2015-04-28;6953;2;04-28;2015-04;5556.0;44485.0;0.0;0.0;0.0
2015-04-29;7149;3;04-29;2015-04;6538.0;41533.0;0.0;0.0;0.0
2015-04-30;7915;4;04-30;2015-04;6116.0;45366.0;0.0;0.0;0.0
2015-05-01;5909;5;05-01;2015-05;6636.0;37185.0;0.0;0.0;0.0
2015-05-02;5253;6;05-02;2015-05;3558.0;30197.0;0.0;0.0;0.0
2015-05-03;3650;7;05-03;2015-05;4591.0;21440.0;0.0;0.0;0.0
2015-05-04;5188;1;05-04;2015-05;7410.0;30318.0;0.0;0.0;1.0
2015-05-05;6348;2;05-05;2015-05;4777.0;39411.0;0.0;0.0;0.0
2015-05-06;6425;3;05-06;2015-05;4582.0;36833.0;0.0;0.0;0.0
2015-05-07;7397;4;05-07;2015-05;4752.0;42697.0;0.0;0.0;0.0
2015-05-08;4862;5;05-08;2015-05;7415.0;29835.0;0.0;0.0;1.0
2015-05-09;5043;6;05-09;2015-05;3324.0;29097.0;0.0;0.0;0.0
2015-05-10;3511;7;05-10;2015-05;4167.0;20712.0;0.0;0.0;0.0
2015-05-11;7210;1;05-11;2015-05;5846.0;40902.0;0.0;0.0;0.0
2015-05-12;7132;2;05-12;2015-05;4669.0;43763.0;0.0;0.0;0.0
2015-05-13;7442;3;05-13;2015-05;4247.0;42630.0;0.0;0.0;0.0
2015-05-14;7232;4;05-14;2015-05;5716.0;42335.0;0.0;0.0;0.0
2015-05-15;7336;5;05-15;2015-05;6191.0;44127.0;0.0;0.0;0.0
2015-05-16;5175;6;05-16;2015-05;5461.0;29888.0;0.0;0.0;0.0
2015-05-17;3919;7;05-17;2015-05;4267.0;24397.0;0.0;0.0;0.0
2015-05-18;7262;1;05-18;2015-05;4178.0;44404.0;0.0;0.0;0.0
2015-05-19;7120;2;05-19;2015-05;6205.0;41188.0;0.0;0.0;0.0
2015-05-20;7068;3;05-20;2015-05;6961.0;39975.0;0.0;0.0;0.0
2015-05-21;7480;4;05-21;2015-05;5650.0;44998.0;0.0;0.0;0.0
2015-05-22;7302;5;05-22;2015-05;6478.0;45748.0;0.0;0.0;0.0
2015-05-23;5627;6;05-23;2015-05;5813.0;32004.0;0.0;0.0;0.0
2015-05-24;4003;7;05-24;2015-05;3293.0;23311.0;0.0;0.0;0.0
2015-05-25;5292;1;05-25;2015-05;3522.0;31034.0;0.0;0.0;1.0
2015-05-26;7375;2;05-26;2015-05;6539.0;43349.0;0.0;0.0;0.0
2015-05-27;7851;3;05-27;2015-05;7077.0;47112.0;0.0;0.0;0.0
2015-05-28;7667;4;05-28;2015-05;6944.0;45769.0;0.0;0.0;0.0
2015-05-29;8015;5;05-29;2015-05;7247.0;45059.0;0.0;0.0;0.0
2015-05-30;5989;6;05-30;2015-05;6243.0;33400.0;0.0;0.0;0.0
2015-05-31;4164;7;05-31;2015-05;3991.0;25649.0;0.0;0.0;0.0
2015-06-01;6327;1;06-01;2015-06;6661.0;36754.0;0.0;0.0;0.0
2015-06-02;4384;2;06-02;2015-06;3101.0;25440.0;0.0;0.0;0.0
2015-06-03;7472;3;06-03;2015-06;5726.0;41510.0;0.0;0.0;0.0
2015-06-04;6875;4;06-04;2015-06;5792.0;40401.0;0.0;0.0;0.0
2015-06-05;6774;5;06-05;2015-06;7407.0;38067.0;0.0;0.0;0.0
2015-06-06;4941;6;06-06;2015-06;5324.0;30060.0;0.0;0.0;0.0
2015-06-07;3912;7;06-07;2015-06;5174.0;22047.0;0.0;0.0;0.0
2015-06-08;7349;1;06-08;2015-06;5030.0;45476.0;0.0;0.0;0.0
2015-06-09;7296;2;06-09;2015-06;7083.0;44922.0;0.0;0.0;0.0
2015-06-10;7249;3;06-10;2015-06;5681.0;43301.0;0.0;0.0;0.0
2015-06-11;7112;4;06-11;2015-06;8306.0;40036.0;0.0;0.0;0.0
2015-06-12;7221;5;06-12;2015-06;4524.0;42628.0;0.0;0.0;0.0
2015-06-13;5332;6;06-13;2015-06;6295.0;31054.0;0.0;0.0;0.0
2015-06-14;4410;7;06-14;2015-06;4938.0;28133.0;0.0;0.0;0.0
2015-06-15;7449;1;06-15;2015-06;4368.0;41509.0;0.0;0.0;0.0
2015-06-16;7282;2;06-16;2015-06;6884.0;41265.0;0.0;0.0;0.0
2015-06-17;6984;3;06-17;2015-06;4549.0;43382.0;0.0;0.0;0.0
2015-06-18;6864;4;06-18;2015-06;5905.0;40805.0;0.0;0.0;0.0
2015-06-19;6819;5;06-19;2015-06;8248.0;39933.0;0.0;0.0;0.0
2015-06-20;5469;6;06-20;2015-06;8249.0;29589.0;0.0;0.0;0.0
2015-06-21;4234;7;06-21;2015-06;4183.0;24484.0;0.0;0.0;0.0
2015-06-22;7174;1;06-22;2015-06;7487.0;43623.0;0.0;0.0;0.0
2015-06-23;7041;2;06-23;2015-06;7230.0;41896.0;0.0;0.0;0.0
2015-06-24;7221;3;06-24;2015-06;6375.0;41225.0;0.0;0.0;0.0
2015-06-25;7056;4;06-25;2015-06;6913.0;43240.0;0.0;0.0;0.0
2015-06-26;7123;5;06-26;2015-06;5832.0;41749.0;0.0;0.0;0.0
2015-06-27;5480;6;06-27;2015-06;7170.0;32476.0;0.0;0.0;0.0
2015-06-28;4125;7;06-28;2015-06;4424.0;25635.0;0.0;0.0;0.0
2015-06-29;7427;1;06-29;2015-06;6265.0;43408.0;1.0;0.0;0.0
2015-06-30;7554;2;06-30;2015-06;5603.0;43465.0;1.0;0.0;0.0
2015-07-01;7723;3;07-01;2015-07;6173.0;42660.0;1.0;0.0;0.0
2015-07-02;7800;4;07-02;2015-07;7670.0;47127.0;1.0;0.0;0.0
2015-07-03;8323;5;07-03;2015-07;11777.0;49174.0;1.0;0.0;0.0
2015-07-04;6283;6;07-04;2015-07;9966.0;35349.0;1.0;0.0;0.0
2015-07-05;4919;7;07-05;2015-07;7627.0;27938.0;1.0;0.0;0.0
2015-07-06;8668;1;07-06;2015-07;7733.0;48862.0;1.0;0.0;0.0
2015-07-07;8382;2;07-07;2015-07;6928.0;45218.0;1.0;0.0;0.0
2015-07-08;8369;3;07-08;2015-07;6422.0;49761.0;1.0;0.0;0.0
2015-07-09;8373;4;07-09;2015-07;8278.0;48145.0;1.0;0.0;0.0
2015-07-10;8518;5;07-10;2015-07;10378.0;51826.0;1.0;0.0;0.0
2015-07-11;7057;6;07-11;2015-07;10685.0;40027.0;1.0;0.0;0.0
2015-07-12;5415;7;07-12;2015-07;5704.0;30351.0;1.0;0.0;0.0
2015-07-13;9414;1;07-13;2015-07;8730.0;51301.0;1.0;0.0;0.0
2015-07-14;9201;2;07-14;2015-07;7766.0;57096.0;1.0;0.0;0.0
2015-07-15;8993;3;07-15;2015-07;6090.0;51524.0;1.0;0.0;0.0
2015-07-16;9093;4;07-16;2015-07;7628.0;54004.0;1.0;0.0;0.0
2015-07-17;9420;5;07-17;2015-07;9877.0;56362.0;1.0;0.0;0.0
2015-07-18;8007;6;07-18;2015-07;10871.0;46992.0;1.0;0.0;0.0
2015-07-19;6099;7;07-19;2015-07;5921.0;36445.0;1.0;0.0;0.0
2015-07-20;10071;1;07-20;2015-07;9486.0;61461.0;1.0;0.0;0.0
2015-07-21;10127;2;07-21;2015-07;10880.0;59994.0;1.0;0.0;0.0
2015-07-22;9960;3;07-22;2015-07;9558.0;58731.0;1.0;0.0;0.0
2015-07-23;10152;4;07-23;2015-07;6561.0;58022.0;1.0;0.0;0.0
2015-07-24;9743;5;07-24;2015-07;9384.0;53428.0;1.0;0.0;0.0
2015-07-25;8214;6;07-25;2015-07;11599.0;49396.0;1.0;0.0;0.0
2015-07-26;6262;7;07-26;2015-07;5895.0;36997.0;1.0;0.0;0.0
2015-07-27;10566;1;07-27;2015-07;11644.0;61601.0;1.0;0.0;0.0
2015-07-28;10045;2;07-28;2015-07;8241.0;61025.0;1.0;0.0;0.0
2015-07-29;10698;3;07-29;2015-07;10492.0;61645.0;1.0;0.0;0.0
2015-07-30;10019;4;07-30;2015-07;8014.0;59217.0;1.0;0.0;0.0
2015-07-31;9924;5;07-31;2015-07;7934.0;57996.0;1.0;0.0;0.0
2015-08-01;8596;6;08-01;2015-08;11169.0;52454.0;1.0;0.0;0.0
2015-08-02;7186;7;08-02;2015-08;7518.0;42034.0;1.0;0.0;0.0
2015-08-03;12150;1;08-03;2015-08;12601.0;70207.0;1.0;0.0;0.0
2015-08-04;11582;2;08-04;2015-08;13657.0;66494.0;1.0;0.0;0.0
2015-08-05;11107;3;08-05;2015-08;7860.0;65411.0;1.0;0.0;0.0
2015-08-06;10994;4;08-06;2015-08;10437.0;64409.0;1.0;0.0;0.0
2015-08-07;11653;5;08-07;2015-08;10288.0;65826.0;1.0;0.0;0.0
2015-08-08;10456;6;08-08;2015-08;10501.0;63149.0;1.0;0.0;0.0
2015-08-09;8488;7;08-09;2015-08;8525.0;47780.0;1.0;0.0;0.0
2015-08-10;12864;1;08-10;2015-08;11739.0;79727.0;1.0;0.0;0.0
2015-08-11;12446;2;08-11;2015-08;11794.0;76206.0;1.0;0.0;0.0
2015-08-12;11693;3;08-12;2015-08;10048.0;69833.0;1.0;0.0;0.0
2015-08-13;11547;4;08-13;2015-08;10478.0;71637.0;1.0;0.0;0.0
2015-08-14;11548;5;08-14;2015-08;15993.0;70651.0;1.0;0.0;0.0
2015-08-15;7906;6;08-15;2015-08;10918.0;47774.0;1.0;0.0;0.0
2015-08-16;8121;7;08-16;2015-08;8803.0;47351.0;1.0;0.0;0.0
2015-08-17;11582;1;08-17;2015-08;17681.0;66902.0;1.0;0.0;0.0
2015-08-18;10411;2;08-18;2015-08;9107.0;63754.0;1.0;0.0;0.0
2015-08-19;9999;3;08-19;2015-08;11302.0;57891.0;1.0;0.0;0.0
2015-08-20;9354;4;08-20;2015-08;12540.0;55712.0;1.0;0.0;0.0
2015-08-21;9620;5;08-21;2015-08;11720.0;59096.0;1.0;0.0;0.0
2015-08-22;7413;6;08-22;2015-08;8557.0;43250.0;1.0;0.0;0.0
2015-08-23;6046;7;08-23;2015-08;6861.0;34530.0;1.0;0.0;0.0
2015-08-24;9102;1;08-24;2015-08;7212.0;52685.0;1.0;0.0;0.0
2015-08-25;8431;2;08-25;2015-08;11892.0;49253.0;1.0;0.0;0.0
2015-08-26;8406;3;08-26;2015-08;7260.0;51363.0;1.0;0.0;0.0
2015-08-27;8084;4;08-27;2015-08;10065.0;47841.0;1.0;0.0;0.0
2015-08-28;8107;5;08-28;2015-08;11473.0;48434.0;1.0;0.0;0.0
2015-08-29;6496;6;08-29;2015-08;6100.0;34701.0;1.0;0.0;0.0
2015-08-30;4257;7;08-30;2015-08;4173.0;25134.0;0.0;0.0;0.0
2015-08-31;5200;1;08-31;2015-08;6905.0;29768.0;0.0;0.0;1.0
2015-09-01;7731;2;09-01;2015-09;7031.0;44657.0;0.0;0.0;0.0
2015-09-02;7655;3;09-02;2015-09;7322.0;43790.0;0.0;0.0;0.0
2015-09-03;8202;4;09-03;2015-09;8380.0;47985.0;0.0;0.0;0.0
2015-09-04;8295;5;09-04;2015-09;10047.0;47244.0;0.0;0.0;0.0
2015-09-05;6832;6;09-05;2015-09;7969.0;38221.0;0.0;0.0;0.0
2015-09-06;4634;7;09-06;2015-09;5509.0;26464.0;0.0;0.0;0.0
2015-09-07;7761;1;09-07;2015-09;6426.0;44257.0;0.0;0.0;0.0
2015-09-08;7997;2;09-08;2015-09;6415.0;45506.0;0.0;0.0;0.0
2015-09-09;8506;3;09-09;2015-09;6295.0;50596.0;0.0;0.0;0.0
2015-09-10;7742;4;09-10;2015-09;10120.0;45808.0;0.0;0.0;0.0
2015-09-11;7422;5;09-11;2015-09;7801.0;48232.0;0.0;0.0;0.0
2015-09-12;5431;6;09-12;2015-09;6467.0;30997.0;0.0;0.0;0.0
2015-09-13;4264;7;09-13;2015-09;4858.0;23398.0;0.0;0.0;0.0
2015-09-14;7379;1;09-14;2015-09;5927.0;41282.0;0.0;0.0;0.0
2015-09-15;7392;2;09-15;2015-09;6471.0;43464.0;0.0;0.0;0.0
2015-09-16;7508;3;09-16;2015-09;6915.0;44152.0;0.0;0.0;0.0
2015-09-17;7267;4;09-17;2015-09;5424.0;41885.0;0.0;0.0;0.0
2015-09-18;7373;5;09-18;2015-09;5947.0;41617.0;0.0;0.0;0.0
2015-09-19;5598;6;09-19;2015-09;6017.0;34696.0;0.0;0.0;0.0
2015-09-20;4271;7;09-20;2015-09;3388.0;25217.0;0.0;0.0;0.0
2015-09-21;7079;1;09-21;2015-09;7062.0;43187.0;0.0;0.0;0.0
2015-09-22;6945;2;09-22;2015-09;6999.0;40935.0;0.0;0.0;0.0
2015-09-23;7750;3;09-23;2015-09;5216.0;47183.0;0.0;0.0;0.0
2015-09-24;7131;4;09-24;2015-09;6553.0;40683.0;0.0;0.0;0.0
2015-09-25;7039;5;09-25;2015-09;6660.0;40140.0;0.0;0.0;0.0
2015-09-26;5189;6;09-26;2015-09;4570.0;30665.0;0.0;0.0;0.0
2015-09-27;3860;7;09-27;2015-09;3414.0;21993.0;0.0;0.0;0.0
2015-09-28;6753;1;09-28;2015-09;5423.0;41857.0;0.0;0.0;0.0
2015-09-29;6252;2;09-29;2015-09;4501.0;39496.0;0.0;0.0;0.0
2015-09-30;6476;3;09-30;2015-09;4557.0;37518.0;0.0;0.0;0.0
2015-10-01;6894;4;10-01;2015-10;5710.0;41108.0;0.0;0.0;0.0
2015-10-02;7064;5;10-02;2015-10;6228.0;42123.0;0.0;0.0;0.0
2015-10-03;5291;6;10-03;2015-10;5412.0;31796.0;0.0;0.0;0.0
2015-10-04;3794;7;10-04;2015-10;3236.0;22036.0;0.0;0.0;0.0
2015-10-05;6509;1;10-05;2015-10;4416.0;37538.0;0.0;0.0;0.0
2015-10-06;6948;2;10-06;2015-10;6705.0;40191.0;0.0;0.0;0.0
2015-10-07;6651;3;10-07;2015-10;5263.0;39400.0;0.0;0.0;0.0
2015-10-08;6489;4;10-08;2015-10;3997.0;34625.0;0.0;0.0;0.0
2015-10-09;6452;5;10-09;2015-10;6264.0;36447.0;0.0;0.0;0.0
2015-10-10;4849;6;10-10;2015-10;4388.0;27266.0;0.0;0.0;0.0
2015-10-11;3496;7;10-11;2015-10;3039.0;20256.0;0.0;0.0;0.0
2015-10-12;6080;1;10-12;2015-10;4824.0;37771.0;0.0;0.0;0.0
2015-10-13;6318;2;10-13;2015-10;3295.0;38895.0;0.0;0.0;0.0
2015-10-14;6309;3;10-14;2015-10;5839.0;38511.0;0.0;0.0;0.0
2015-10-15;6052;4;10-15;2015-10;4976.0;34236.0;0.0;0.0;0.0
2015-10-16;6010;5;10-16;2015-10;5920.0;33790.0;0.0;0.0;0.0
2015-10-17;4399;6;10-17;2015-10;4626.0;26527.0;0.0;0.0;0.0
2015-10-18;3079;7;10-18;2015-10;1892.0;17788.0;0.0;0.0;0.0
2015-10-19;6129;1;10-19;2015-10;3752.0;35342.0;0.0;0.0;0.0
2015-10-20;5972;2;10-20;2015-10;5611.0;34948.0;0.0;0.0;0.0
2015-10-21;5743;3;10-21;2015-10;4262.0;32142.0;0.0;0.0;0.0
2015-10-22;5631;4;10-22;2015-10;4038.0;36822.0;0.0;0.0;0.0
2015-10-23;5505;5;10-23;2015-10;4701.0;30994.0;0.0;0.0;0.0
2015-10-24;4108;6;10-24;2015-10;4971.0;23555.0;0.0;0.0;0.0
2015-10-25;2128;7;10-25;2015-10;2964.0;11706.0;0.0;0.0;1.0
2015-10-26;5526;1;10-26;2015-10;4273.0;33130.0;0.0;0.0;0.0
2015-10-27;5146;2;10-27;2015-10;5730.0;31261.0;0.0;0.0;0.0
2015-10-28;4925;3;10-28;2015-10;5145.0;27743.0;0.0;0.0;0.0
2015-10-29;4934;4;10-29;2015-10;3881.0;28871.0;0.0;0.0;0.0
2015-10-30;4820;5;10-30;2015-10;4269.0;29114.0;0.0;0.0;0.0
2015-10-31;2313;6;10-31;2015-10;4632.0;14036.0;0.0;0.0;1.0
2015-11-01;2359;7;11-01;2015-11;2915.0;14393.0;0.0;0.0;0.0
2015-11-02;4801;1;11-02;2015-11;3909.0;28250.0;0.0;0.0;0.0
2015-11-03;4893;2;11-03;2015-11;4000.0;26401.0;0.0;0.0;0.0
2015-11-04;4666;3;11-04;2015-11;3215.0;27113.0;0.0;0.0;0.0
2015-11-05;3329;4;11-05;2015-11;3853.0;19867.0;0.0;0.0;1.0
2015-11-06;4833;5;11-06;2015-11;4534.0;27751.0;0.0;0.0;0.0
2015-11-07;3395;6;11-07;2015-11;3065.0;20670.0;0.0;0.0;0.0
2015-11-08;1651;7;11-08;2015-11;2541.0;9913.0;0.0;0.0;1.0
2015-11-09;5072;1;11-09;2015-11;4710.0;27760.0;0.0;0.0;0.0
2015-11-10;4972;2;11-10;2015-11;4276.0;31022.0;0.0;0.0;0.0
2015-11-11;5103;3;11-11;2015-11;4353.0;30546.0;0.0;0.0;0.0
2015-11-12;4876;4;11-12;2015-11;3647.0;27782.0;0.0;0.0;0.0
2015-11-13;5100;5;11-13;2015-11;4909.0;30319.0;0.0;0.0;0.0
2015-11-14;4327;6;11-14;2015-11;5675.0;25798.0;0.0;0.0;0.0
2015-11-15;2635;7;11-15;2015-11;1682.0;16217.0;0.0;0.0;0.0
2015-11-16;5604;1;11-16;2015-11;6575.0;30500.0;0.0;0.0;0.0
2015-11-17;5091;2;11-17;2015-11;3997.0;28800.0;0.0;0.0;0.0
2015-11-18;5071;3;11-18;2015-11;2803.0;28344.0;0.0;0.0;0.0
2015-11-19;5006;4;11-19;2015-11;5611.0;29025.0;0.0;0.0;0.0
2015-11-20;4932;5;11-20;2015-11;5928.0;28115.0;0.0;0.0;0.0
2015-11-21;3332;6;11-21;2015-11;3843.0;20390.0;0.0;0.0;0.0
2015-11-22;2340;7;11-22;2015-11;2109.0;12690.0;0.0;0.0;0.0
2015-11-23;5141;1;11-23;2015-11;5009.0;30451.0;0.0;0.0;0.0
2015-11-24;5071;2;11-24;2015-11;3818.0;29881.0;0.0;0.0;0.0
2015-11-25;4644;3;11-25;2015-11;2302.0;26690.0;0.0;0.0;0.0
2015-11-26;4770;4;11-26;2015-11;3802.0;28179.0;0.0;0.0;0.0
2015-11-27;4446;5;11-27;2015-11;6061.0;27454.0;0.0;0.0;0.0
2015-11-28;3073;6;11-28;2015-11;4478.0;17662.0;0.0;0.0;0.0
2015-11-29;2214;7;11-29;2015-11;2439.0;12705.0;0.0;0.0;0.0
2015-11-30;5019;1;11-30;2015-11;4098.0;27410.0;0.0;0.0;0.0
2015-12-01;4951;2;12-01;2015-12;2898.0;30518.0;0.0;0.0;0.0
2015-12-02;5276;3;12-02;2015-12;5590.0;31184.0;0.0;0.0;0.0
2015-12-03;5441;4;12-03;2015-12;6465.0;32384.0;0.0;0.0;0.0
2015-12-04;5759;5;12-04;2015-12;6471.0;35135.0;0.0;0.0;0.0
2015-12-05;4894;6;12-05;2015-12;7422.0;27108.0;0.0;0.0;0.0
2015-12-06;3213;7;12-06;2015-12;3089.0;20680.0;0.0;0.0;0.0
2015-12-07;4676;1;12-07;2015-12;4709.0;27958.0;0.0;0.0;0.0
2015-12-08;2968;2;12-08;2015-12;3719.0;17475.0;0.0;0.0;0.0
2015-12-09;4813;3;12-09;2015-12;3258.0;27824.0;0.0;0.0;0.0
2015-12-10;4678;4;12-10;2015-12;4292.0;27778.0;0.0;0.0;0.0
2015-12-11;4429;5;12-11;2015-12;5250.0;26938.0;0.0;0.0;0.0
2015-12-12;3118;6;12-12;2015-12;3725.0;19198.0;0.0;0.0;0.0
2015-12-13;2176;7;12-13;2015-12;3021.0;12266.0;0.0;0.0;0.0
2015-12-14;4524;1;12-14;2015-12;3264.0;25962.0;0.0;0.0;0.0
2015-12-15;4455;2;12-15;2015-12;4109.0;26564.0;0.0;0.0;0.0
2015-12-16;4276;3;12-16;2015-12;3774.0;25441.0;0.0;0.0;0.0
2015-12-17;4342;4;12-17;2015-12;3981.0;24591.0;0.0;0.0;0.0
2015-12-18;4349;5;12-18;2015-12;2340.0;26460.0;0.0;0.0;0.0
2015-12-19;3079;6;12-19;2015-12;3412.0;17744.0;0.0;0.0;0.0
2015-12-20;2587;7;12-20;2015-12;2658.0;14875.0;0.0;0.0;0.0
2015-12-21;5442;1;12-21;2015-12;5861.0;33275.0;0.0;1.0;0.0
2015-12-22;5260;2;12-22;2015-12;4954.0;30605.0;0.0;1.0;0.0
2015-12-23;4939;3;12-23;2015-12;4765.0;26909.0;0.0;1.0;0.0
2015-12-24;3940;4;12-24;2015-12;4648.0;21850.0;0.0;1.0;0.0
2015-12-25;1836;5;12-25;2015-12;4051.0;10898.0;0.0;1.0;1.0
2015-12-26;3066;6;12-26;2015-12;5578.0;17580.0;0.0;1.0;1.0
2015-12-27;4911;7;12-27;2015-12;5272.0;29961.0;0.0;1.0;0.0
2015-12-28;5377;1;12-28;2015-12;6157.0;32125.0;0.0;1.0;1.0
2015-12-29;7398;2;12-29;2015-12;6375.0;44259.0;0.0;1.0;0.0
2015-12-30;7520;3;12-30;2015-12;7183.0;43000.0;0.0;1.0;0.0
2015-12-31;5696;4;12-31;2015-12;7435.0;34585.0;0.0;1.0;0.0
2016-01-01;2706;5;01-01;2016-01;4820.0;15164.0;0.0;1.0;1.0
2016-01-02;5047;6;01-02;2016-01;6142.0;31815.0;0.0;1.0;0.0
2016-01-03;3107;7;01-03;2016-01;4656.0;17487.0;0.0;0.0;0.0
2016-01-04;5071;1;01-04;2016-01;3197.0;32316.0;0.0;0.0;0.0
2016-01-05;4466;2;01-05;2016-01;3860.0;26555.0;0.0;0.0;0.0
2016-01-06;2936;3;01-06;2016-01;2651.0;17769.0;0.0;0.0;0.0
2016-01-07;4746;4;01-07;2016-01;2653.0;27723.0;0.0;0.0;0.0
2016-01-08;4736;5;01-08;2016-01;3405.0;26662.0;0.0;0.0;0.0
2016-01-09;3168;6;01-09;2016-01;3192.0;17957.0;0.0;0.0;0.0
2016-01-10;2491;7;01-10;2016-01;1523.0;14134.0;0.0;0.0;0.0
2016-01-11;5266;1;01-11;2016-01;4171.0;29442.0;0.0;0.0;0.0
2016-01-12;4797;2;01-12;2016-01;4052.0;30007.0;0.0;0.0;0.0
2016-01-13;4809;3;01-13;2016-01;3434.0;27555.0;0.0;0.0;0.0
2016-01-14;4762;4;01-14;2016-01;2781.0;26356.0;0.0;0.0;0.0
2016-01-15;4820;5;01-15;2016-01;4249.0;28728.0;0.0;0.0;0.0
2016-01-16;3125;6;01-16;2016-01;2464.0;17132.0;0.0;0.0;0.0
2016-01-17;2387;7;01-17;2016-01;2531.0;14153.0;0.0;0.0;0.0
2016-01-18;4960;1;01-18;2016-01;4417.0;30667.0;0.0;0.0;0.0
2016-01-19;4700;2;01-19;2016-01;2765.0;26051.0;0.0;0.0;0.0
2016-01-20;4484;3;01-20;2016-01;3774.0;26081.0;0.0;0.0;0.0
2016-01-21;4590;4;01-21;2016-01;4687.0;25712.0;0.0;0.0;0.0
2016-01-22;4669;5;01-22;2016-01;4149.0;28479.0;0.0;0.0;0.0
2016-01-23;3200;6;01-23;2016-01;4404.0;17950.0;0.0;0.0;0.0
2016-01-24;2458;7;01-24;2016-01;2029.0;13408.0;0.0;0.0;0.0
2016-01-25;5217;1;01-25;2016-01;5353.0;29632.0;0.0;0.0;0.0
2016-01-26;4695;2;01-26;2016-01;4055.0;27211.0;0.0;0.0;0.0
2016-01-27;4669;3;01-27;2016-01;2126.0;28073.0;0.0;0.0;0.0
2016-01-28;4850;4;01-28;2016-01;3525.0;26757.0;0.0;0.0;0.0
2016-01-29;4897;5;01-29;2016-01;4979.0;27599.0;0.0;0.0;0.0
2016-01-30;3366;6;01-30;2016-01;4873.0;20464.0;0.0;0.0;0.0
2016-01-31;2617;7;01-31;2016-01;2920.0;14390.0;0.0;0.0;0.0
2016-02-01;5334;1;02-01;2016-02;6763.0;30661.0;0.0;0.0;0.0
2016-02-02;5010;2;02-02;2016-02;3208.0;27896.0;0.0;0.0;0.0
2016-02-03;5067;3;02-03;2016-02;4696.0;30213.0;0.0;0.0;0.0
2016-02-04;5127;4;02-04;2016-02;6678.0;30592.0;0.0;0.0;0.0
2016-02-05;5426;5;02-05;2016-02;4980.0;31052.0;0.0;0.0;0.0
2016-02-06;3872;6;02-06;2016-02;4514.0;21784.0;0.0;0.0;0.0
2016-02-07;2938;7;02-07;2016-02;3750.0;16588.0;0.0;0.0;0.0
2016-02-08;5828;1;02-08;2016-02;5797.0;33985.0;0.0;0.0;0.0
2016-02-09;5374;2;02-09;2016-02;5406.0;30436.0;0.0;0.0;0.0
2016-02-10;5516;3;02-10;2016-02;6610.0;34059.0;0.0;0.0;0.0
2016-02-11;5271;4;02-11;2016-02;4716.0;28890.0;0.0;0.0;0.0
2016-02-12;5584;5;02-12;2016-02;5116.0;34442.0;0.0;0.0;0.0
2016-02-13;4158;6;02-13;2016-02;5192.0;25573.0;0.0;0.0;0.0
2016-02-14;2983;7;02-14;2016-02;3268.0;16899.0;0.0;0.0;0.0
2016-02-15;5580;1;02-15;2016-02;5096.0;31712.0;0.0;0.0;0.0
2016-02-16;5598;2;02-16;2016-02;3107.0;31252.0;0.0;0.0;0.0
2016-02-17;5555;3;02-17;2016-02;4881.0;33472.0;0.0;0.0;0.0
2016-02-18;5504;4;02-18;2016-02;4485.0;31784.0;0.0;0.0;0.0
2016-02-19;5368;5;02-19;2016-02;3497.0;32471.0;0.0;0.0;0.0
2016-02-20;3726;6;02-20;2016-02;4730.0;20297.0;0.0;0.0;0.0
2016-02-21;2726;7;02-21;2016-02;1833.0;15553.0;0.0;0.0;0.0
2016-02-22;5927;1;02-22;2016-02;4625.0;34223.0;0.0;0.0;0.0
2016-02-23;5670;2;02-23;2016-02;3915.0;30845.0;0.0;0.0;0.0
2016-02-24;5337;3;02-24;2016-02;5491.0;31242.0;0.0;0.0;0.0
2016-02-25;5690;4;02-25;2016-02;4713.0;33309.0;0.0;0.0;0.0
2016-02-26;5799;5;02-26;2016-02;5204.0;34350.0;0.0;0.0;0.0
2016-02-27;3949;6;02-27;2016-02;5135.0;23656.0;0.0;0.0;0.0
2016-02-28;2973;7;02-28;2016-02;3422.0;18162.0;0.0;0.0;0.0
2016-02-29;6444;1;02-29;2016-02;6806.0;36418.0;0.0;0.0;0.0
